"district","month","year","implant_women_old","implant_women_new","injection2_women_old","injection2_women_new","injection3_women_old","injection3_women_new","pill_women_old","pill_women_new","iud_women_old","iud_women_new","iud_number_dispensed","implant_number_dispensed","injection2_number_dispensed","injection3_number_dispensed","pill_number_dispensed","iud_number_received","implant_number_received","injection2_number_received","injection3_number_received","pill_number_received","iud_stock_end","implant_stock_end","injection2_stock_end","injection3_stock_end","pill_stock_end"
"ABENGOUROU",1,2019,478,91,103,17,1278,296,195,34,,,,75,44,1082,2542,,319,33,1244,2846,,422,,1501,3466
"ABENGOUROU",2,2019,340,81,126,10,1237,253,187,19,9,1,1,66,38,813,557,20,255,17,1174,2608,,394,,1535,3327
"ABENGOUROU",3,2019,367,59,14,7,1300,224,147,26,,5,5,47,42,819,665,50,214,50,1050,2148,,340,,1187,3636
"ABENGOUROU",4,2019,583,46,6,1,1296,336,200,35,,3,1,36,66,874,404,45,217,55,824,1787,,340,,889,2727
"ABENGOUROU",5,2019,407,60,46,20,1356,281,156,24,,1,1,71,47,813,545,14,321,256,1032,1635,,355,,604,1668
"ABENGOUROU",6,2019,344,53,75,26,1467,204,163,27,,3,3,64,85,827,630,13,240,397,914,1536,,54,,648,2583
"ABENGOUROU",7,2019,468,56,51,26,1454,201,184,22,,,,39,187,766,417,70,417,881,1869,2867,,326,,1862,4758
"ABENGOUROU",8,2019,590,61,59,22,1360,197,186,16,1,2,2,37,164,884,570,20,318,725,1219,2077,,514,,1337,3910
"ABENGOUROU",9,2019,532,57,43,23,1575,194,176,19,1,,1,51,202,787,557,18,241,507,1120,2688,,510,,1207,4740
"ABOBO EST",1,2019,1061,155,140,7,1483,334,369,48,311,10,13,73,12,717,327,55,199,40,858,553,,189,,501,311
"ABOBO EST",2,2019,914,130,121,3,1447,308,239,31,91,10,12,66,,595,304,50,332,18,918,623,,299,,475,601
"ABOBO EST",3,2019,1007,220,43,45,1520,377,177,34,97,22,23,195,,818,324,69,200,,1012,386,,334,,584,522
"ABOBO EST",4,2019,924,106,177,20,1074,107,183,26,103,1,4,98,18,537,330,46,148,60,566,330,,264,,347,516
"ABOBO EST",5,2019,962,114,131,12,1294,130,253,31,102,9,4,123,16,804,227,25,230,238,817,266,,255,,418,143
"ABOBO EST",6,2019,1043,187,186,18,1020,126,188,38,103,5,3,145,31,353,143,42,249,72,470,260,,81,,242,201
"ABOBO EST",7,2019,233,96,120,12,1035,127,254,28,6,7,10,193,76,668,353,55,192,66,727,374,,200,,295,209
"ABOBO EST",8,2019,148,102,82,10,980,191,218,28,6,6,3,177,28,619,307,39,240,103,898,322,,266,,504,149
"ABOBO EST",9,2019,246,183,129,15,1218,278,196,56,16,13,12,252,34,706,270,45,221,113,635,440,,278,,398,274
"ABOBO OUEST",1,2019,94,97,4,,1150,103,242,17,61,13,75,154,2,1074,398,199,317,10,3529,3588,,223,,2721,6458
"ABOBO OUEST",2,2019,131,74,1,,911,104,388,20,67,18,72,143,1,757,1435,128,197,10,2594,3302,,106,,2093,4868
"ABOBO OUEST",3,2019,143,90,5,1,935,68,197,19,48,6,50,226,5,925,481,76,531,13,4934,2162,,308,,4274,4008
"ABOBO OUEST",4,2019,163,189,26,1,1019,131,204,12,49,10,53,329,27,1090,635,336,789,1500,4432,1721,,498,,3413,3979
"ABOBO OUEST",5,2019,121,102,36,7,1046,115,251,18,59,9,68,206,125,953,1035,268,516,1621,3401,1223,,358,,2532,1199
"ABOBO OUEST",6,2019,107,45,159,12,858,65,232,12,50,6,56,143,171,796,576,240,440,1360,2528,4286,,324,,1768,3736
"ABOBO OUEST",7,2019,99,49,171,10,950,55,217,18,162,6,78,180,225,767,959,171,293,1189,1903,3702,,145,,1172,5124
"ABOBO OUEST",8,2019,135,79,231,31,869,66,282,20,69,22,119,202,262,754,789,172,448,927,2902,2601,,278,,2181,4798
"ABOBO OUEST",9,2019,186,344,347,57,825,176,413,41,46,79,68,429,226,843,703,108,645,740,2527,2025,,259,,1745,2054
"ABOISSO",1,2019,167,73,24,5,973,235,122,28,,,,93,19,689,198,2,162,32,869,508,,209,,880,368
"ABOISSO",2,2019,96,77,16,2,655,213,88,19,,1,1,68,13,434,206,2,114,20,436,428,,235,,689,389
"ABOISSO",3,2019,147,109,22,8,718,172,109,24,,,,114,29,426,236,2,113,16,255,406,,217,,536,360
"ABOISSO",4,2019,78,65,28,11,763,167,81,15,,,,78,46,575,203,2,136,226,758,588,,213,,723,565
"ABOISSO",5,2019,142,60,32,7,738,179,94,23,13,1,,74,34,581,221,2,284,209,777,638,,354,,742,658
"ABOISSO",6,2019,145,69,163,23,670,196,115,22,,,,62,172,596,168,2,115,355,630,594,,331,,814,655
"ABOISSO",7,2019,12,103,86,30,673,193,75,27,,,,116,130,608,149,2,192,250,646,667,,376,,518,716
"ABOISSO",8,2019,85,92,108,18,691,232,67,27,,,,145,97,563,167,12,281,361,851,830,,433,,802,711
"ABOISSO",9,2019,122,95,55,9,758,175,98,22,,,,109,129,490,183,,153,231,514,630,,420,,647,667
"ADIAKE",1,2019,,11,43,4,184,41,32,3,,,,11,44,148,121,5,17,46,140,173,,6,,88,19
"ADIAKE",2,2019,,11,3,2,166,39,20,5,,,,11,5,147,84,5,16,5,110,121,,5,,94,51
"ADIAKE",3,2019,,13,2,,205,35,21,2,,,,13,2,151,76,5,15,,117,126,,2,,49,82
"ADIAKE",4,2019,,6,23,5,191,48,22,5,,,2,7,29,177,75,5,17,103,154,85,,10,,48,45
"ADIAKE",5,2019,,11,53,6,177,33,36,10,,,,12,52,216,162,3,25,112,224,340,,13,,98,177
"ADIAKE",6,2019,,10,31,3,200,48,18,4,,1,2,10,31,162,118,3,28,135,214,113,,18,,130,45
"ADIAKE",7,2019,,11,51,9,178,49,37,6,,1,1,14,59,242,118,1,23,106,276,125,,10,,165,90
"ADIAKE",8,2019,,9,26,5,190,38,18,8,,,,11,35,223,92,,26,171,287,151,,15,,141,61
"ADIAKE",9,2019,,12,53,11,176,31,31,5,,,,12,65,164,105,,20,124,170,101,,8,,104,41
"ADJAME-PLATEAU-ATTECOUBE",1,2019,499,123,214,14,1747,190,627,49,40,6,28,171,32,929,1631,48,454,51,1154,2127,,648,,1301,1884
"ADJAME-PLATEAU-ATTECOUBE",2,2019,775,154,200,2,1822,133,600,23,52,7,21,221,50,987,782,108,586,83,1275,3284,,845,,972,2457
"ADJAME-PLATEAU-ATTECOUBE",3,2019,325,146,25,3,872,226,286,23,34,5,23,143,51,1004,993,69,430,127,1670,1506,,702,,1045,1397
"ADJAME-PLATEAU-ATTECOUBE",4,2019,334,165,38,10,770,132,267,27,24,11,17,143,42,872,812,71,354,307,1104,1302,,534,,603,776
"ADJAME-PLATEAU-ATTECOUBE",5,2019,345,115,41,13,929,131,294,39,20,5,6,120,57,968,849,40,490,306,2306,1796,,534,,1384,1206
"ADJAME-PLATEAU-ATTECOUBE",6,2019,352,140,44,21,817,137,219,37,27,7,12,162,151,891,690,37,437,538,1486,1407,,519,,1016,1348
"ADJAME-PLATEAU-ATTECOUBE",7,2019,367,185,118,34,910,142,336,29,36,10,22,323,117,945,1157,94,643,695,1632,2496,,711,,1002,2431
"ADJAME-PLATEAU-ATTECOUBE",8,2019,165,152,87,22,657,137,222,24,12,10,9,230,132,646,766,82,454,463,1444,2310,,555,,1051,2251
"ADJAME-PLATEAU-ATTECOUBE",9,2019,190,152,95,33,653,122,274,32,30,16,20,135,147,720,1328,74,437,272,1006,1459,,857,,1011,1360
"ADZOPE",1,2019,,28,11,,360,59,49,16,6,2,2,86,11,409,178,8,95,36,561,182,,71,,391,589
"ADZOPE",2,2019,14,98,6,2,269,101,44,9,3,10,13,110,8,370,108,3,173,27,411,290,,233,,1373,578
"ADZOPE",3,2019,21,113,,,340,97,50,8,5,57,8,134,,413,166,,91,37,443,262,,163,,1249,700
"ADZOPE",4,2019,11,88,58,5,366,76,61,12,4,2,3,139,57,457,198,,146,164,618,313,,181,,798,634
"ADZOPE",5,2019,10,66,49,7,294,45,55,4,4,,,74,49,333,183,,98,12,320,104,,191,,647,564
"ADZOPE",6,2019,16,57,57,1,325,45,46,2,5,,,73,58,363,136,,127,112,431,241,,183,,388,296
"ADZOPE",7,2019,40,64,76,11,314,82,51,10,2,6,3,105,87,383,161,10,80,10,254,241,,257,,636,259
"ADZOPE",8,2019,12,54,59,6,270,36,48,9,3,,,65,65,329,155,,97,112,425,367,,179,,369,401
"ADZOPE",9,2019,41,50,41,6,374,63,88,8,4,,,85,46,403,150,,108,22,509,199,,311,,936,322
"AGBOVILLE",1,2019,53,125,5,2,878,220,87,12,,5,8,132,21,994,318,70,169,61,1115,791,,87,,374,721
"AGBOVILLE",2,2019,57,66,53,11,882,141,72,27,17,1,6,112,5,1028,332,9,104,17,1031,513,,84,,576,571
"AGBOVILLE",3,2019,743,46,2,1,959,117,69,22,10,,1,78,3,1045,175,8,108,20,1070,192,,104,,285,449
"AGBOVILLE",4,2019,65,77,44,9,858,135,106,10,6,,6,94,43,897,202,4,157,85,934,271,,84,,198,302
"AGBOVILLE",5,2019,375,62,15,2,937,124,64,54,63,,5,126,19,979,323,11,142,87,1055,666,,313,,673,581
"AGBOVILLE",6,2019,375,62,132,15,741,116,222,314,58,4,3,103,123,845,383,8,371,204,1144,644,,320,,447,576
"AGBOVILLE",7,2019,80,50,42,9,785,94,99,13,1,,1,74,60,696,215,7,137,151,930,339,,384,,591,915
"AGBOVILLE",8,2019,44,57,73,18,734,157,108,13,1,,1,94,96,786,342,7,134,111,934,829,,407,,709,699
"AGBOVILLE",9,2019,83,72,18,5,893,99,263,13,2,3,5,114,32,938,287,7,134,41,1094,658,,202,,806,793
"AGNIBILEKROU",1,2019,60,37,,,313,72,70,12,,,,49,2,301,469,,87,2,392,320,,101,,276,302
"AGNIBILEKROU",2,2019,77,21,1,,295,62,73,14,,,,43,1,348,146,,118,,345,252,,142,,223,272
"AGNIBILEKROU",3,2019,77,29,8,,321,92,113,40,,,,41,,390,225,,75,,304,268,,114,,192,280
"AGNIBILEKROU",4,2019,87,37,1,,355,59,93,27,,,,50,1,370,198,,77,,270,350,,105,,181,348
"AGNIBILEKROU",5,2019,75,32,3,2,280,56,96,26,,,,37,5,292,139,,80,57,266,371,,116,,182,417
"AGNIBILEKROU",6,2019,57,39,16,6,293,65,104,45,,,,50,4,304,435,,113,66,345,291,,42,,203,401
"AGNIBILEKROU",7,2019,86,28,8,2,318,70,139,23,,,,40,33,282,251,,81,55,192,236,,93,,175,229
"AGNIBILEKROU",8,2019,85,45,5,1,344,75,112,12,,,,45,3,349,257,,106,31,350,254,,104,,186,260
"AGNIBILEKROU",9,2019,87,48,34,9,322,57,85,15,,,,60,,331,218,,108,41,331,202,,101,,213,243
"AKOUPE",1,2019,348,60,,,341,64,52,2,10,1,1,51,,261,139,9,78,,465,230,,34,,275,131
"AKOUPE",2,2019,19,35,,,262,58,75,5,,1,,67,,208,87,9,59,,326,152,,19,,155,99
"AKOUPE",3,2019,9,40,,,210,63,90,3,,,,28,,106,88,,38,,132,64,,10,,81,22
"AKOUPE",4,2019,406,37,36,,269,36,92,3,10,1,,23,29,48,62,9,35,150,88,126,,12,,40,82
"AKOUPE",5,2019,424,41,20,7,211,47,84,9,10,,,44,25,147,103,9,78,241,280,200,,34,,166,111
"AKOUPE",6,2019,13,24,20,3,199,45,97,2,10,1,,2,5,26,59,,8,20,89,114,,,,38,55
"AKOUPE",7,2019,1,44,85,13,241,38,110,8,,,,,,6,,,,,,,,,,13,
"AKOUPE",8,2019,539,26,35,7,249,27,101,4,10,,,,,,,,,,,,,,,,
"AKOUPE",9,2019,548,25,51,4,299,49,113,4,10,,,13,4,51,7,,20,,35,20,,3,,25,
"ALEPE",1,2019,9,16,27,7,225,53,22,5,,4,2,15,25,185,12,10,25,31,223,80,,11,,343,78
"ALEPE",2,2019,1,6,7,1,230,63,5,,2,,2,54,5,189,19,5,75,6,461,118,,21,,472,108
"ALEPE",3,2019,,19,1,1,215,122,16,4,,2,2,11,2,201,14,5,15,,345,94,,4,,196,90
"ALEPE",4,2019,9,54,7,1,295,65,45,3,,3,4,11,8,222,12,5,40,75,321,113,,30,,176,109
"ALEPE",5,2019,2,22,12,1,273,45,17,,,2,2,10,15,184,8,5,40,,371,101,,30,,284,112
"ALEPE",6,2019,80,23,9,,254,59,13,6,7,1,1,6,21,162,12,12,44,65,390,81,,58,,300,149
"ALEPE",7,2019,1,42,19,6,275,73,25,1,,3,3,17,25,223,9,5,20,50,338,30,,62,,278,121
"ALEPE",8,2019,102,25,17,1,371,47,14,3,13,3,3,21,18,243,21,5,2,47,440,56,,6,,335,77
"ALEPE",9,2019,118,18,8,1,400,67,19,5,11,6,6,10,4,228,25,10,10,21,260,64,,1,,261,58
"ANYAMA",1,2019,31,159,39,7,540,119,125,37,,6,6,116,44,611,371,15,114,10,538,376,,51,,319,312
"ANYAMA",2,2019,4,74,1,,479,100,103,19,,11,1,39,,300,83,4,93,7,404,302,,78,,256,269
"ANYAMA",3,2019,2,103,45,27,400,84,85,28,,4,,92,,363,191,5,138,7,289,191,,116,,290,301
"ANYAMA",4,2019,,179,51,16,424,85,133,33,,11,6,125,113,274,327,7,201,144,172,429,,137,,292,369
"ANYAMA",5,2019,,149,21,7,560,98,147,31,1,11,2,50,29,355,170,8,181,135,495,310,,164,,262,258
"ANYAMA",6,2019,7,152,65,20,400,67,92,14,,3,5,126,60,310,201,12,215,82,465,335,,67,,472,253
"ANYAMA",7,2019,1,373,69,31,500,125,110,44,1,11,6,263,163,530,227,15,314,347,756,340,,105,,560,206
"ANYAMA",8,2019,14,122,97,9,491,85,141,30,1,4,5,126,128,578,353,20,204,269,765,450,,96,,280,168
"ANYAMA",9,2019,3,178,89,19,369,113,141,35,8,10,7,126,110,509,146,21,285,270,631,245,,185,,428,224
"ARRAH",1,2019,94,25,16,5,237,63,32,9,,,,30,,321,104,,25,,245,159,,27,,86,165
"ARRAH",2,2019,94,15,,1,213,61,25,7,,,,15,,253,91,,35,,239,142,,27,,137,139
"ARRAH",3,2019,96,48,,,263,52,32,6,,4,,25,,319,88,,32,10,284,175,,54,,139,177
"ARRAH",4,2019,96,23,13,1,230,51,37,3,,,,23,14,279,108,,41,110,242,235,,57,,109,154
"ARRAH",5,2019,96,22,30,6,222,66,35,6,,1,,23,20,301,90,,29,106,184,101,,35,,56,80
"ARRAH",6,2019,96,14,24,10,221,46,30,5,,,,14,34,220,99,,28,39,283,214,,8,,105,193
"ARRAH",7,2019,104,22,12,8,260,68,42,4,,,,22,17,306,94,,24,21,313,204,,23,,93,169
"ARRAH",8,2019,123,19,9,1,268,49,27,7,,,,21,10,319,83,,42,60,325,164,,32,,155,156
"ARRAH",9,2019,122,80,45,3,254,32,32,6,,,,21,48,299,110,,37,87,303,150,,24,,78,82
"BANGOLO",1,2019,146,27,,,249,76,2,3,,,1,26,,215,4,,23,5,208,2,,32,,104,7
"BANGOLO",2,2019,173,22,,,227,79,3,,,,,21,,192,2,,29,5,270,,,33,,162,
"BANGOLO",3,2019,170,38,1,9,222,87,3,,,,,30,10,200,5,,41,,208,5,,32,,123,
"BANGOLO",4,2019,29,30,,,182,70,1,,,,,26,,175,1,,42,4,245,,,41,,126,2
"BANGOLO",5,2019,8,29,,,176,79,1,,,,,27,,201,1,,50,4,243,4,,67,,115,5
"BANGOLO",6,2019,98,21,,,176,65,1,2,,,,21,,195,9,,43,4,260,12,,50,,151,5
"BANGOLO",7,2019,100,21,,,257,45,1,1,,,,20,,155,5,,33,,167,9,,33,,103,6
"BANGOLO",8,2019,100,21,,,186,37,3,,,,,31,,158,4,,39,4,255,3,,45,,173,2
"BANGOLO",9,2019,108,7,,,180,49,1,,,,,12,,144,4,,24,,199,4,,42,,144,1
"BEOUMI",1,2019,75,31,22,9,347,33,22,5,,,,26,29,165,48,,49,436,510,70,,275,,550,2350
"BEOUMI",2,2019,12,39,,,186,78,49,7,,,,34,2,167,211,2,72,4,157,1522,,273,,483,1680
"BEOUMI",3,2019,73,147,,1,210,206,55,44,,,,75,1,260,484,2,56,19,274,1465,,280,,585,1554
"BEOUMI",4,2019,13,50,8,6,224,111,29,23,,,,57,14,239,253,,45,75,245,1175,,233,,544,1314
"BEOUMI",5,2019,10,188,11,7,237,120,31,13,,,10,151,15,272,234,16,190,63,450,766,,266,,636,942
"BEOUMI",6,2019,3,64,38,26,242,80,34,13,,,,51,63,293,533,,83,71,212,502,,277,,530,821
"BEOUMI",7,2019,1,32,33,9,227,76,35,6,,1,,27,41,264,365,,75,38,235,733,,266,,477,1094
"BEOUMI",8,2019,7,39,31,8,289,50,49,14,,,4,37,45,300,342,,98,110,364,712,,114,,208,835
"BEOUMI",9,2019,88,41,18,,264,83,37,4,,,,43,22,311,275,,74,56,399,657,,287,,533,745
"BETTIE",1,2019,102,12,213,10,528,48,91,7,,,,7,25,48,30,,40,70,225,423,,63,,234,598
"BETTIE",2,2019,50,12,202,2,501,48,85,7,,,,8,11,86,41,,,,25,159,,68,,205,493
"BETTIE",3,2019,112,15,183,2,535,46,78,9,,,,11,1,59,85,,10,100,50,198,,56,,208,480
"BETTIE",4,2019,79,16,196,11,552,52,75,12,,,,6,32,98,29,,9,200,60,129,,59,,212,325
"BETTIE",5,2019,119,14,187,13,562,40,74,14,,,,15,42,69,35,,18,90,110,173,,61,,250,465
"BETTIE",6,2019,125,13,199,11,588,45,80,7,,,,13,40,81,45,,,70,60,132,,55,,260,425
"BETTIE",7,2019,123,14,196,6,601,49,69,14,,,,15,29,118,22,,31,98,206,153,,26,,129,27
"BETTIE",8,2019,128,12,206,7,619,48,68,2,,,,13,39,123,14,,26,67,109,30,,62,,94,31
"BETTIE",9,2019,167,2,284,3,720,55,44,5,,,,11,17,110,48,,,,75,,,65,,107,7
"BIANKOUMA",1,2019,208,70,229,2,198,130,9,2,,,,69,,276,2,,83,13,449,8,,57,,289,14
"BIANKOUMA",2,2019,323,51,72,14,435,93,11,1,13,3,,51,,274,3,,47,,400,33,,20,,250,21
"BIANKOUMA",3,2019,355,33,10,3,450,105,12,7,1,7,,35,1,216,15,,85,100,340,40,,63,,266,128
"BIANKOUMA",4,2019,3,56,1,6,165,111,1,,,,,46,5,251,,,115,,356,10,,99,,243,51
"BIANKOUMA",5,2019,112,52,54,1,376,90,9,1,,,,26,,238,2,,54,,378,7,,86,,234,11
"BIANKOUMA",6,2019,191,43,50,1,390,64,12,,,,,38,5,228,4,,87,,380,7,,14,,230,10
"BIANKOUMA",7,2019,3,33,2,,195,102,2,,,,,28,2,297,2,,54,,350,,,65,,226,5
"BIANKOUMA",8,2019,17,25,6,,135,78,2,,,,,41,7,209,28,,41,,356,62,,82,,239,45
"BIANKOUMA",9,2019,3,25,,,234,51,2,3,,2,,28,,220,4,,56,,343,6,,87,,213,8
"BLOLEQUIN",1,2019,562,64,3,,503,137,29,19,33,30,32,29,2,291,27,17,34,6,230,95,,39,,178,87
"BLOLEQUIN",2,2019,82,37,2,1,337,125,32,14,498,12,10,23,2,228,23,24,40,12,258,184,,64,,181,193
"BLOLEQUIN",3,2019,636,47,,3,365,372,30,17,,,,58,3,441,47,,99,23,552,52,,79,,246,50
"BLOLEQUIN",4,2019,609,53,,1,452,509,41,17,,,,64,1,274,41,,108,10,461,156,,102,,366,122
"BLOLEQUIN",5,2019,749,60,1,3,803,286,55,12,,,,53,4,281,29,,160,5,233,80,,137,,283,104
"BLOLEQUIN",6,2019,1176,52,,1,834,171,54,13,,1,1,35,1,212,30,1,79,6,177,44,,133,,265,94
"BLOLEQUIN",7,2019,1228,28,,,1044,197,66,40,,,2,40,,289,59,,131,22,246,60,,171,,211,67
"BLOLEQUIN",8,2019,1211,34,28,55,400,221,63,5,,,5,25,,514,29,17,89,7,484,86,,111,,427,98
"BLOLEQUIN",9,2019,1144,22,,,608,457,62,4,,,,25,,265,23,,100,7,281,73,,132,,394,58
"BOCANDA",1,2019,8,11,72,,376,78,13,6,,,,2,7,207,529,2,2,5,190,121,,4,,127,503
"BOCANDA",2,2019,4,8,69,,410,55,19,5,,,,1,2,154,262,2,34,,178,1575,,33,,114,1755
"BOCANDA",3,2019,3,11,2,,126,76,13,7,,,,17,2,205,1080,2,13,10,176,61,,28,,81,689
"BOCANDA",4,2019,,8,14,7,203,64,15,12,,5,,6,14,181,317,2,5,25,218,53,,25,,130,396
"BOCANDA",5,2019,3,17,8,4,177,80,14,5,,,,12,12,303,771,2,5,20,318,1546,,12,,140,1126
"BOCANDA",6,2019,7,7,30,14,142,35,17,7,,,,6,20,208,268,2,19,32,246,1545,,27,,155,2387
"BOCANDA",7,2019,2,16,18,7,189,60,13,7,,,,15,24,265,936,2,11,32,232,46,,17,,68,1458
"BOCANDA",8,2019,2,6,17,1,183,50,19,1,,,,7,18,194,616,2,3,24,209,21,,11,,92,861
"BOCANDA",9,2019,2,9,10,1,171,57,18,2,,,,1,11,223,239,,5,30,390,680,,14,,235,1282
"BONDOUKOU",1,2019,580,74,56,2,1263,289,234,80,,1,6,74,36,996,1470,42,280,80,1255,767,,551,,883,982
"BONDOUKOU",2,2019,323,95,8,1,958,321,262,109,6,,3,100,99,933,1626,9,299,54,1472,2187,,430,,1005,1372
"BONDOUKOU",3,2019,380,503,8,18,1147,517,236,122,1,4,2,370,31,1199,1246,11,381,139,2350,1912,,309,,1664,2253
"BONDOUKOU",4,2019,555,230,34,12,1108,366,247,68,4,,,407,39,1171,1466,9,777,177,1868,1322,,486,,1192,1290
"BONDOUKOU",5,2019,581,230,7,23,1209,383,270,90,43,1,1,181,17,1181,2019,8,2333,266,1865,1856,,665,,1004,1128
"BONDOUKOU",6,2019,767,83,15,6,1160,312,227,82,,5,1,97,13,1060,1060,7,608,264,2033,1104,,369,,1280,980
"BONDOUKOU",7,2019,737,348,53,31,1094,349,266,142,,,6,256,18,921,1405,55,457,250,1701,1543,,694,,1144,1126
"BONDOUKOU",8,2019,862,67,13,2,1210,219,273,83,,1,,74,14,969,1071,50,331,120,1268,2297,,568,,621,1745
"BONDOUKOU",9,2019,862,93,11,8,1092,249,214,67,,,1,127,21,943,1263,50,289,166,1448,1726,,582,,773,999
"BONGOUANOU",1,2019,100,15,,7,249,108,27,21,,,,12,,316,56,,25,,293,110,,42,,115,320
"BONGOUANOU",2,2019,69,22,,,268,71,22,15,,,,23,,308,1417,,22,,366,2454,,31,,125,1357
"BONGOUANOU",3,2019,1,17,,,292,82,18,20,,,,17,,359,454,,54,,390,136,,45,,144,94
"BONGOUANOU",4,2019,64,15,2,4,295,89,31,15,,,,18,6,363,161,,46,30,343,379,,44,,93,269
"BONGOUANOU",5,2019,,16,9,1,187,110,24,14,,,,16,10,253,220,,53,20,247,710,,41,,82,535
"BONGOUANOU",6,2019,63,22,8,4,280,62,26,27,,,,21,10,303,374,,34,20,549,522,,,,132,409
"BONGOUANOU",7,2019,64,17,11,3,267,90,22,12,,,,15,5,327,107,,19,20,349,70,,8,,104,98
"BONGOUANOU",8,2019,66,16,2,,275,78,27,10,,,,14,2,393,395,,17,15,487,711,,37,,164,380
"BONGOUANOU",9,2019,65,22,7,1,264,69,15,7,,,,19,8,304,360,,41,20,371,328,,51,,149,305
"BOTRO",1,2019,52,10,,,114,31,20,1,,,1,16,,76,35,,37,6,108,130,,51,,93,127
"BOTRO",2,2019,9,151,1,3,71,47,11,8,,1,,77,4,73,28,,114,,132,89,,78,,96,127
"BOTRO",3,2019,124,238,9,,134,89,14,5,3,,2,41,9,70,200,,72,,166,49,,55,,127,65
"BOTRO",4,2019,27,61,10,3,114,36,22,4,1,,1,9,,41,25,5,34,,91,71,,40,,74,54
"BOTRO",5,2019,1,61,7,1,146,33,12,4,,,,9,,55,38,,25,,90,52,,37,,87,66
"BOTRO",6,2019,21,69,15,1,141,28,14,6,1,2,,12,7,18,25,5,26,14,7,10,,16,,11,44
"BOTRO",7,2019,8,33,7,1,122,24,13,1,,1,1,7,1,46,6,3,1,2,35,18,,16,,10,46
"BOTRO",8,2019,40,56,11,1,175,42,21,2,1,1,,3,,27,16,,,,11,,,13,,24,39
"BOTRO",9,2019,79,91,1,,161,57,23,7,,,,25,,98,22,,39,25,178,58,,39,,263,66
"BOUAFLE",1,2019,31,291,52,5,1247,282,243,33,2,26,24,293,51,1310,1084,18,234,17,1191,1672,,421,,1542,2268
"BOUAFLE",2,2019,115,774,36,3,1000,311,157,14,2,18,20,281,39,1175,492,44,633,19,1405,1732,,686,,1634,5115
"BOUAFLE",3,2019,21,1018,20,8,1021,437,135,30,1,18,14,484,28,1456,671,22,711,55,1728,433,,924,,1200,1975
"BOUAFLE",4,2019,10,290,24,7,1115,297,165,38,,8,8,249,31,1277,474,8,183,206,1112,699,,868,,930,1789
"BOUAFLE",5,2019,5,483,41,10,1064,414,202,36,,22,22,453,52,1455,884,155,331,58,1220,1118,,871,,946,1263
"BOUAFLE",6,2019,9,233,29,8,1098,364,153,11,,16,16,199,37,1439,401,21,254,39,1790,501,,547,,1556,1014
"BOUAFLE",7,2019,31,278,22,9,1180,413,160,51,9,11,10,355,31,1457,527,33,593,69,2293,567,,669,,2188,946
"BOUAFLE",8,2019,41,221,37,15,1098,329,196,29,,23,16,214,51,1254,426,28,182,25,939,376,,827,,2046,728
"BOUAFLE",9,2019,46,367,31,12,1266,343,163,44,1,18,21,406,43,1683,486,5,228,58,2336,593,,796,,1956,960
"BOUAKE NORD-EST",1,2019,63,185,34,2,525,144,91,32,,,,37,15,439,168,,56,1,286,122,,54,,208,264
"BOUAKE NORD-EST",2,2019,119,213,21,,417,136,108,36,3,1,1,175,2,228,187,1,168,1,164,126,,57,,98,167
"BOUAKE NORD-EST",3,2019,42,24,35,3,414,114,100,16,,,,26,8,332,216,10,84,281,460,234,,115,,246,165
"BOUAKE NORD-EST",4,2019,71,135,78,13,422,85,107,17,2,4,1,44,61,476,200,,36,134,500,230,,74,,238,174
"BOUAKE NORD-EST",5,2019,58,118,57,14,414,96,127,11,1,2,,85,41,429,196,,81,10,488,377,,113,,386,383
"BOUAKE NORD-EST",6,2019,158,215,123,12,426,90,130,14,1,8,6,170,89,388,342,6,176,155,380,277,,94,,346,295
"BOUAKE NORD-EST",7,2019,84,110,79,15,464,197,116,52,4,3,5,118,69,565,357,2,146,55,310,275,,183,,305,311
"BOUAKE NORD-EST",8,2019,112,207,54,15,423,120,84,26,1,2,,244,42,487,211,50,136,105,429,486,,185,,367,602
"BOUAKE NORD-EST",9,2019,62,299,47,18,499,110,103,18,9,24,56,299,155,540,381,5,136,11,465,177,,112,,341,770
"BOUAKE NORD-OUEST",1,2019,640,391,54,1,535,241,134,45,,,,343,1,461,201,,289,,349,213,,155,,1036,771
"BOUAKE NORD-OUEST",2,2019,331,91,42,,564,86,130,21,,,,79,,234,125,,107,,254,235,,151,,907,798
"BOUAKE NORD-OUEST",3,2019,649,399,40,1,616,166,136,21,,,,337,1,479,157,,324,25,325,59,,128,,838,619
"BOUAKE NORD-OUEST",4,2019,1,141,6,18,373,123,76,14,,,,118,24,304,138,,97,52,203,109,,93,,74,91
"BOUAKE NORD-OUEST",5,2019,3,91,29,14,379,106,90,17,,,,,,,,,,,,,,,,,
"BOUAKE NORD-OUEST",6,2019,7,67,65,18,332,78,68,25,,,,50,82,259,146,,48,76,225,150,,,,36,61
"BOUAKE NORD-OUEST",7,2019,3,99,26,1,350,93,47,14,,,,77,23,273,129,,59,1,113,34,,73,,592,502
"BOUAKE NORD-OUEST",8,2019,4,149,18,3,339,108,76,30,,,,44,,191,39,,34,,71,25,,63,,485,888
"BOUAKE NORD-OUEST",9,2019,5,131,7,3,328,154,65,16,,,,134,17,372,162,,132,25,255,77,,86,,464,477
"BOUAKE-SUD",1,2019,652,411,12,8,508,229,199,114,7,2,,114,13,287,100,111,171,20,285,170,,252,,589,1058
"BOUAKE-SUD",2,2019,381,138,11,,493,181,346,86,5,6,,158,11,286,180,100,242,10,532,856,,382,,699,384
"BOUAKE-SUD",3,2019,441,190,2,5,626,178,202,76,9,6,2,99,8,246,121,91,261,50,564,194,,345,,837,846
"BOUAKE-SUD",4,2019,507,151,9,3,657,153,143,26,4,15,1,100,11,345,258,100,237,71,468,281,,319,,571,806
"BOUAKE-SUD",5,2019,493,106,45,19,806,122,230,19,8,4,1,129,56,405,439,71,112,273,461,412,,287,,529,837
"BOUAKE-SUD",6,2019,125,134,46,11,709,123,185,93,9,2,1,113,18,316,132,,65,46,299,283,,105,,427,809
"BOUAKE-SUD",7,2019,95,140,32,8,834,149,314,23,15,3,1,48,16,270,150,16,221,40,505,176,,262,,516,572
"BOUAKE-SUD",8,2019,122,97,36,23,919,145,204,74,8,14,,82,1,297,151,11,103,33,489,208,,287,,668,570
"BOUAKE-SUD",9,2019,92,132,114,21,700,121,251,20,13,5,,40,14,222,177,5,52,19,182,138,,246,,549,467
"BOUNA",1,2019,18,28,5,,330,163,26,27,1,,,38,3,472,140,,53,26,580,139,,85,,278,95
"BOUNA",2,2019,6,20,,1,234,136,5,,,,,14,1,338,60,6,75,22,471,39,,53,,188,31
"BOUNA",3,2019,5,60,,2,333,168,6,2,,1,1,58,2,482,50,200,111,112,587,80,,85,,324,71
"BOUNA",4,2019,41,41,9,1,313,165,11,1,,,,50,20,425,204,,104,19,616,279,,113,,290,120
"BOUNA",5,2019,16,41,9,1,329,154,11,7,,,,39,30,473,113,,86,115,631,165,,103,,246,65
"BOUNA",6,2019,17,32,11,4,367,152,29,3,,1,,36,14,499,256,,102,15,641,1063,,111,,256,831
"BOUNA",7,2019,62,35,7,1,350,125,68,13,,,,39,12,362,84,,89,20,694,212,,88,,396,167
"BOUNA",8,2019,15,36,11,,297,143,22,,3,,,35,13,423,102,,99,5,523,86,,126,,292,98
"BOUNA",9,2019,1,28,7,1,299,142,24,,,,,27,10,400,107,,72,2,463,79,,125,,265,694
"BOUNDIALI",1,2019,4,56,15,4,248,88,13,14,10,,,63,21,308,21,,95,,470,12,,205,,532,52
"BOUNDIALI",2,2019,,55,19,7,234,104,14,13,,,,54,26,337,12,,79,,371,12,,174,,465,
"BOUNDIALI",3,2019,,68,15,5,243,135,3,,,,,69,20,362,,,99,,417,,,158,,324,
"BOUNDIALI",4,2019,,77,8,8,278,142,78,3,,2,,77,17,411,15,2,70,25,371,3,,138,,354,3
"BOUNDIALI",5,2019,,58,12,2,274,123,16,2,,,,56,14,377,6,,104,14,434,21,,155,,306,15
"BOUNDIALI",6,2019,20,70,15,11,303,146,102,2,,,,71,26,402,17,,97,51,431,,,63,,309,
"BOUNDIALI",7,2019,12,64,8,6,251,118,19,1,,,,63,14,374,24,,109,25,427,39,,93,,218,15
"BOUNDIALI",8,2019,5,54,8,1,259,88,2,2,,,,57,9,348,12,,111,134,458,37,,117,,217,25
"BOUNDIALI",9,2019,5,72,10,6,294,108,4,1,,,,61,16,342,16,,128,125,352,22,,129,,140,6
"BUYO",1,2019,175,53,10,3,190,109,20,7,,,,52,9,277,151,,138,175,267,111,,153,,285,123
"BUYO",2,2019,174,29,6,2,196,85,15,1,,,,34,2,250,53,,139,13,348,236,,272,,290,216
"BUYO",3,2019,174,26,13,4,189,102,24,7,,,,26,10,257,118,,140,90,407,268,,263,,336,143
"BUYO",4,2019,179,42,6,10,213,58,13,,,,,39,16,238,130,,141,92,394,351,,237,,325,230
"BUYO",5,2019,181,18,11,4,213,69,17,4,,,,18,15,270,175,,145,65,436,354,,167,,301,204
"BUYO",6,2019,149,22,17,7,220,69,21,10,,,,24,24,275,184,,145,99,390,387,,63,,221,218
"BUYO",7,2019,142,28,9,8,188,133,12,2,,1,1,42,34,251,159,6,128,78,391,329,,176,,232,293
"BUYO",8,2019,143,99,17,13,225,58,21,7,,1,,59,30,263,200,,158,92,428,357,,332,,585,241
"BUYO",9,2019,144,166,11,4,214,110,20,16,,,,111,26,305,211,,267,178,581,443,,327,,710,313
"COCODY BINGERVILLE",1,2019,401,133,111,36,1546,330,347,69,54,22,44,201,134,1563,1496,81,211,485,1353,1240,,203,,961,1671
"COCODY BINGERVILLE",2,2019,411,103,60,15,1405,243,321,52,52,14,17,152,115,1067,1018,58,409,509,1327,1024,,382,,903,1214
"COCODY BINGERVILLE",3,2019,387,175,56,12,1539,360,398,59,58,13,71,198,69,1125,1246,55,314,1114,1481,1471,,331,,1101,1301
"COCODY BINGERVILLE",4,2019,408,117,310,96,1421,185,362,50,55,35,38,142,395,1215,958,58,232,1203,1914,1917,,209,,1735,2158
"COCODY BINGERVILLE",5,2019,386,111,312,71,1560,168,362,44,63,22,40,162,425,1186,901,54,192,441,952,1345,,232,,1372,1790
"COCODY BINGERVILLE",6,2019,400,109,316,61,1224,248,328,37,60,20,22,155,387,1162,1066,54,214,544,996,1223,,268,,1178,1171
"COCODY BINGERVILLE",7,2019,417,141,340,84,1563,293,357,62,56,16,11,157,394,1419,1220,39,249,353,1166,1229,,270,,1127,1317
"COCODY BINGERVILLE",8,2019,75,142,330,55,1543,219,335,35,5,19,14,198,373,1233,1115,44,212,530,1006,2753,,234,,1056,2685
"COCODY BINGERVILLE",9,2019,400,177,380,60,1305,244,410,47,58,28,2,129,273,851,552,23,106,400,484,643,,126,,506,644
"DABAKALA",1,2019,21,54,,,436,186,26,6,,,,53,,689,96,,135,,860,211,,134,,335,233
"DABAKALA",2,2019,5,40,,,462,191,22,14,,8,,50,,589,51,11,124,,635,176,,129,,382,255
"DABAKALA",3,2019,19,58,,,538,180,16,13,,,,71,,638,88,6,151,,832,201,,133,,419,241
"DABAKALA",4,2019,2,81,,12,493,217,24,2,,,1,82,12,658,62,10,146,,528,139,,94,,217,191
"DABAKALA",5,2019,5,50,,,505,182,25,7,,,,68,,687,150,,180,,949,304,,126,,364,277
"DABAKALA",6,2019,443,75,,,1017,241,77,7,1,,,75,,715,70,,86,,815,18,,22,,378,75
"DABAKALA",7,2019,446,43,,,970,136,68,5,1,,,51,,501,18,,130,,556,43,,116,,282,23
"DABAKALA",8,2019,485,82,,,1048,184,66,12,1,,,60,,562,19,,116,,736,55,,77,,328,40
"DABAKALA",9,2019,13,508,,,588,835,11,78,,1,,61,,812,144,,108,,919,345,,71,,341,202
"DABOU",1,2019,5,99,36,3,544,121,48,2,,2,11,100,40,665,156,5,174,36,1036,393,,168,,940,1006
"DABOU",2,2019,7,86,11,,372,77,44,4,,,,96,1,505,130,12,72,15,371,77,,115,,590,848
"DABOU",3,2019,4,83,46,7,374,138,33,6,,,,84,25,530,136,5,130,143,542,534,,121,,556,1138
"DABOU",4,2019,4,78,24,13,502,87,31,5,,,,84,40,584,131,5,117,45,623,577,,142,,501,520
"DABOU",5,2019,22,79,105,19,389,72,44,8,,,,92,120,452,184,11,95,334,501,366,,139,,653,1131
"DABOU",6,2019,7,85,38,15,412,89,38,9,,2,,82,57,440,304,16,133,152,623,705,,80,,449,1099
"DABOU",7,2019,8,61,339,54,299,81,42,8,,1,,70,291,331,253,47,66,248,265,632,,79,,403,1061
"DABOU",8,2019,3,42,78,22,331,132,32,12,,1,1,34,116,310,106,10,79,190,470,724,,92,,745,1370
"DABOU",9,2019,2,96,74,13,614,121,42,21,,2,,105,88,686,361,5,129,119,484,356,,86,,359,863
"DALOA",1,2019,509,294,97,32,1234,272,170,16,30,17,25,188,6,778,248,5,166,,722,238,,255,,930,251
"DALOA",2,2019,267,438,24,22,1303,228,201,24,20,35,22,218,,1066,601,5,344,,440,201,,362,,797,134
"DALOA",3,2019,231,1344,15,10,1485,504,162,71,19,75,51,740,20,940,579,18,646,120,607,462,,350,,737,401
"DALOA",4,2019,947,721,21,34,1317,381,73,79,48,99,38,492,50,823,381,28,206,123,537,351,,354,,687,314
"DALOA",5,2019,1012,430,44,22,996,198,219,38,81,15,26,245,42,908,661,20,336,335,1298,281,,475,,1195,281
"DALOA",6,2019,1091,364,34,46,941,175,71,18,49,19,22,369,74,883,592,8,429,124,728,311,,296,,1212,300
"DALOA",7,2019,224,467,33,23,1333,187,183,40,50,14,29,220,64,827,446,31,316,134,894,266,,505,,1357,213
"DALOA",8,2019,305,777,32,10,839,243,199,43,34,12,22,317,42,879,532,3,276,97,742,426,,580,,1583,392
"DALOA",9,2019,353,1052,27,5,775,217,123,41,75,84,43,476,28,782,356,32,258,43,560,267,,445,,1282,288
"DANANE",1,2019,580,55,5,1,2057,168,90,3,18,,,40,,260,7,5,43,,390,40,,71,,264,46
"DANANE",2,2019,643,116,1259,19,1055,91,93,4,41,3,,39,,275,30,5,58,,302,63,,72,,203,39
"DANANE",3,2019,812,52,6,,2429,97,106,4,,,,42,,205,29,,120,,483,58,,116,,363,32
"DANANE",4,2019,730,45,232,10,2443,101,104,5,,,,46,,211,23,2,92,,268,48,,106,,245,25
"DANANE",5,2019,415,46,2,,2408,119,142,6,1,,,34,,257,34,2,123,,430,61,,117,,292,21
"DANANE",6,2019,439,34,10,,2534,84,109,7,,,,40,4,276,27,10,89,4,310,37,,6,,165,27
"DANANE",7,2019,449,24,,,2662,82,86,1,,,,24,,299,27,,78,10,398,51,,95,,218,76
"DANANE",8,2019,408,22,,,2541,64,73,4,12,,,28,,241,24,5,48,,382,35,,61,,204,16
"DANANE",9,2019,24,20,7,1,251,63,15,2,,,,24,,303,19,5,51,,420,45,,71,,259,38
"DAOUKRO",1,2019,,37,24,4,336,147,279,39,,,,35,29,277,337,,75,16,364,471,,96,,150,327
"DAOUKRO",2,2019,,34,9,6,335,124,98,29,,1,,41,38,343,329,,47,9,369,418,,225,,530,316
"DAOUKRO",3,2019,93,61,16,9,319,102,176,46,,,48,55,43,258,299,,65,19,243,449,,195,,430,360
"DAOUKRO",4,2019,101,42,27,8,339,132,136,33,,,,25,64,315,165,,39,40,338,203,,148,,448,194
"DAOUKRO",5,2019,,94,34,16,348,138,83,45,,,,96,23,361,274,,49,128,648,330,,105,,313,171
"DAOUKRO",6,2019,8,44,48,10,317,215,92,81,3,3,,50,61,360,279,,195,106,364,348,,15,,307,283
"DAOUKRO",7,2019,127,37,44,14,362,137,235,53,5,,,41,73,329,290,,29,131,184,243,,217,,204,114
"DAOUKRO",8,2019,7,35,77,15,393,87,214,78,,,2,42,63,244,155,,53,63,314,315,,239,,203,248
"DAOUKRO",9,2019,,60,81,12,341,96,215,62,,,,29,38,319,214,,96,73,602,325,,295,,416,194
"DIANRA",1,2019,2,18,6,,62,23,4,,,,,3,,37,4,,32,23,78,5,,29,,35,1
"DIANRA",2,2019,,28,7,9,31,27,,,,,,18,15,18,,,37,27,66,300,,19,,48,300
"DIANRA",3,2019,,19,,,56,41,,1,,,,18,8,47,,,45,8,72,,,26,,42,
"DIANRA",4,2019,2,28,1,,52,62,,,,,,4,,25,,,28,,20,9,,12,,15,9
"DIANRA",5,2019,4,39,17,10,43,17,,3,,,,11,,25,3,,43,,29,24,,32,,14,21
"DIANRA",6,2019,5,30,,5,86,28,,148,,,,11,,16,11,,31,,31,21,,21,,12,10
"DIANRA",7,2019,,10,1,1,28,3,,,,,,10,,23,5,,71,,56,49,,61,,31,44
"DIANRA",8,2019,,8,,,18,38,,1,,2,,12,,6,11,,71,,25,44,,59,,19,33
"DIANRA",9,2019,2,17,12,2,50,31,,,,,,3,,19,9,,51,,33,33,,48,,26,24
"DIDIEVI",1,2019,474,10,4,,1028,41,132,5,,,,18,3,168,32,,20,6,255,92,,40,,209,145
"DIDIEVI",2,2019,483,6,1,,1066,44,137,5,,,,5,,111,54,,16,3,223,86,,43,,182,130
"DIDIEVI",3,2019,401,9,4,,1017,62,141,6,,,,8,3,92,68,6,24,60,296,165,,38,,259,189
"DIDIEVI",4,2019,487,17,2,,1139,87,150,8,,,,12,1,145,42,,24,,152,82,,33,,158,119
"DIDIEVI",5,2019,509,22,2,,1138,65,158,7,,,,26,1,164,68,,30,39,142,84,,39,,111,139
"DIDIEVI",6,2019,522,14,5,1,1219,53,166,9,7,,,14,,132,79,,26,16,230,137,,22,,167,126
"DIDIEVI",7,2019,493,7,10,,1235,29,164,4,,,,7,9,133,62,,24,19,130,71,,45,,91,94
"DIDIEVI",8,2019,489,15,6,1,1399,41,190,7,,,,17,,110,52,,22,17,147,118,,29,,73,137
"DIDIEVI",9,2019,537,9,5,3,964,41,175,7,,,,7,1,101,38,,28,,113,73,,51,,68,140
"DIKODOUGOU",1,2019,5,7,5,4,68,28,,,,,,12,9,96,1,,25,16,158,10,,26,,113,29
"DIKODOUGOU",2,2019,2,15,5,2,86,36,,1,,2,,17,7,122,8,,33,10,181,36,,26,,85,29
"DIKODOUGOU",3,2019,1,7,,,71,29,,,,,,7,,104,,,28,,217,,,38,,132,1
"DIKODOUGOU",4,2019,7,15,1,3,71,41,,,,,,12,4,115,1,,41,11,207,19,,32,,112,18
"DIKODOUGOU",5,2019,1,23,1,,98,26,,,,,,18,1,124,4,,18,10,172,15,,23,,123,12
"DIKODOUGOU",6,2019,2,13,2,1,103,37,,1,,,,16,3,140,2,,14,,189,,,18,,90,11
"DIKODOUGOU",7,2019,3,9,2,2,86,22,1,,,,,12,,112,1,,22,12,198,11,,14,,113,10
"DIKODOUGOU",8,2019,3,14,6,4,80,36,2,,,,,14,10,105,2,,33,58,193,10,,19,,88,8
"DIKODOUGOU",9,2019,1,16,6,3,77,25,,,,,,17,9,109,2,,49,41,175,20,,42,,107,19
"DIMBOKRO",1,2019,12,34,2,1,255,71,83,13,1,2,,50,3,332,165,,74,,296,265,,54,,140,157
"DIMBOKRO",2,2019,9,40,2,1,249,61,74,12,1,7,,49,3,311,124,,51,,378,171,,59,,191,158
"DIMBOKRO",3,2019,15,67,,,298,56,58,11,1,5,,30,,345,129,,67,,399,193,,62,,198,724
"DIMBOKRO",4,2019,31,32,2,3,250,33,51,5,,4,,41,6,289,129,,67,60,372,132,,70,,185,133
"DIMBOKRO",5,2019,11,43,9,4,303,67,59,23,2,5,1,54,13,376,220,,77,49,502,228,,57,,245,67
"DIMBOKRO",6,2019,7,37,8,3,247,79,56,9,,2,,41,9,329,144,,140,81,815,297,,109,,340,208
"DIMBOKRO",7,2019,4,30,19,5,259,84,66,19,,7,1,31,24,366,160,,109,61,546,255,,108,,302,145
"DIMBOKRO",8,2019,9,21,12,1,274,72,59,12,,2,,25,8,232,156,,101,58,432,172,,123,,362,204
"DIMBOKRO",9,2019,4,34,10,4,267,70,66,9,,4,,38,14,329,176,,79,12,426,155,,68,,268,85
"DIVO",1,2019,508,170,8,1,895,194,243,16,9,9,3,160,3,688,2174,7,175,14,639,508,,183,,519,926
"DIVO",2,2019,653,171,9,,1077,161,235,18,9,3,3,110,3,504,777,,204,,553,1456,,199,,471,1626
"DIVO",3,2019,625,180,4,1,1145,172,276,21,8,3,3,138,1,666,5443,,299,111,1002,8934,,218,,565,4951
"DIVO",4,2019,667,195,26,29,1225,137,296,36,8,21,1,153,32,627,4055,6,280,10,876,4566,,230,,629,5284
"DIVO",5,2019,611,115,46,14,1275,116,310,13,9,2,1,109,58,675,4957,6,194,111,726,43282,,187,,525,5989
"DIVO",6,2019,679,161,42,15,1362,252,352,79,63,,,118,48,664,5711,,229,110,826,1133,,234,,566,1462
"DIVO",7,2019,601,170,90,12,738,222,353,68,10,10,1,191,95,669,4374,,196,210,912,8703,,163,,761,5517
"DIVO",8,2019,459,108,110,25,1348,93,271,6,8,1,1,97,114,541,1870,,142,124,733,5221,,147,,313,1493
"DIVO",9,2019,550,115,35,4,1602,123,329,12,8,,,119,12,590,3187,11,285,111,893,5895,,303,,603,4197
"DOROPO",1,2019,109,18,12,5,180,59,3,2,,,,16,12,166,1,,53,12,241,15,,37,,77,14
"DOROPO",2,2019,26,18,4,2,167,57,5,6,,,,15,,204,38,5,30,,294,210,,20,,120,146
"DOROPO",3,2019,18,34,10,15,122,73,4,3,,,,28,,168,,,64,,288,190,,33,,121,15
"DOROPO",4,2019,20,32,2,5,112,91,,1,,,,32,7,181,10,,72,20,300,18,,58,,129,8
"DOROPO",5,2019,22,36,17,11,84,105,3,3,,,,30,11,172,6,,48,33,286,24,,35,,111,18
"DOROPO",6,2019,27,22,,,71,57,5,,28,30,,27,11,155,7,,74,32,278,6,,56,,149,5
"DOROPO",7,2019,33,16,2,3,117,48,,2,,,,16,5,148,2,5,27,,177,15,,59,,106,13
"DOROPO",8,2019,36,29,14,6,142,62,8,4,,,,26,7,182,6,,45,27,249,,,29,,67,1
"DOROPO",9,2019,204,19,6,5,190,47,2,1,,,,19,11,237,5,,46,30,318,24,,53,,124,10
"DUEKOUE",1,2019,1466,116,17,2,1792,157,125,17,,2,2,91,1,198,52,6,158,28,403,102,,105,,441,137
"DUEKOUE",2,2019,536,105,5,2,681,120,161,13,173,6,5,44,3,137,40,24,69,40,254,131,,60,,341,151
"DUEKOUE",3,2019,1109,101,137,2,1194,197,124,13,1,5,5,34,18,167,1050,25,85,28,304,727,,60,,393,530
"DUEKOUE",4,2019,1117,118,134,3,1208,152,109,9,1,4,,55,1,195,34,3,101,16,225,111,,61,,356,69
"DUEKOUE",5,2019,932,103,131,4,1267,130,108,1,1,2,2,36,,109,41,9,100,4,167,64,,101,,367,71
"DUEKOUE",6,2019,913,72,139,9,1165,118,102,7,1,1,,13,,43,32,,,,10,,,,,254,26
"DUEKOUE",7,2019,894,64,133,2,1323,108,90,7,1,2,,21,,68,40,,8,,100,51,,50,,297,37
"DUEKOUE",8,2019,923,62,141,4,1241,75,94,3,1,4,1,23,26,89,35,20,62,17,180,105,,101,,377,124
"DUEKOUE",9,2019,1005,57,107,5,1268,101,85,10,1,,,13,,88,62,,85,,40,54,,121,,277,69
"FERKESSEDOUGOU",1,2019,41,66,2,1,235,127,26,7,,1,,,,,,,,,,,,,,,
"FERKESSEDOUGOU",2,2019,8,51,3,1,195,90,23,11,,,,,,,,,,,,,,,,,
"FERKESSEDOUGOU",3,2019,4,74,1,1,248,103,26,5,1,2,,,,,,,,,,,,,,,
"FERKESSEDOUGOU",4,2019,51,84,9,5,246,98,26,3,,,,,,,,,,,,,,,,,
"FERKESSEDOUGOU",5,2019,62,59,36,71,164,119,23,7,,17,,,,,,,,,,,,,,,
"FERKESSEDOUGOU",6,2019,54,70,,1,189,88,5,2,2,3,,,,,,,,,,,,,,,
"FERKESSEDOUGOU",7,2019,96,65,24,9,277,88,32,8,,,,,,,,,,,,,,,,,
"FERKESSEDOUGOU",8,2019,371,54,17,2,298,79,24,4,5,1,,,,,,,,,,,,,,,
"FERKESSEDOUGOU",9,2019,86,69,19,4,391,126,47,8,6,5,,,,,,,,,,,,,,,
"FRESCO",1,2019,165,20,19,5,172,70,11,5,10,,,19,17,174,33,,10,9,142,6,,149,,290,398
"FRESCO",2,2019,187,9,21,2,171,68,10,6,7,,,8,6,135,652,,,,156,,,139,,266,392
"FRESCO",3,2019,207,16,20,6,162,41,5,5,1,,,15,18,121,5,,3,30,138,,,133,,287,393
"FRESCO",4,2019,176,15,25,9,190,33,8,2,,,,13,27,84,7,,3,15,107,6,,132,,257,392
"FRESCO",5,2019,541,4,31,12,183,40,2,5,12,,,4,31,111,63,,,10,162,,,138,,308,390
"FRESCO",6,2019,211,3,37,13,157,44,8,7,,,,1,17,111,5,,,10,127,1,,128,,308,389
"FRESCO",7,2019,261,10,29,17,218,58,4,,,,,,,18,,,,,,,,,,12,
"FRESCO",8,2019,260,7,33,5,202,44,6,1,12,,6,,8,118,3,,10,16,119,,,143,,264,387
"FRESCO",9,2019,210,12,19,7,190,58,7,3,12,,,2,8,125,1,,10,28,181,1,,141,,274,387
"GAGNOA 1",1,2019,59,51,35,7,498,193,146,37,2,3,1,45,51,682,710,105,58,125,489,775,,98,,1155,688
"GAGNOA 1",2,2019,64,71,52,2,599,168,185,32,,5,,75,18,638,811,7,92,5,447,1238,,105,,976,1001
"GAGNOA 1",3,2019,90,80,50,20,681,176,129,27,1,1,1,42,37,419,359,110,87,185,554,782,,130,,931,953
"GAGNOA 1",4,2019,,70,50,17,947,117,118,27,2,17,2,71,85,594,405,109,90,238,831,716,,171,,1195,1077
"GAGNOA 1",5,2019,95,62,78,21,647,156,135,20,10,2,,51,113,579,1642,109,83,162,691,1127,,119,,1116,1311
"GAGNOA 1",6,2019,74,50,106,40,591,138,122,29,,1,,55,143,439,478,7,135,261,847,1406,,181,,1340,1615
"GAGNOA 1",7,2019,77,82,77,23,621,148,123,28,,1,7,56,31,403,566,24,80,151,470,1306,,122,,944,1316
"GAGNOA 1",8,2019,99,53,90,24,730,127,110,20,,,,53,107,588,415,8,107,254,866,799,,202,,1285,1276
"GAGNOA 1",9,2019,83,39,79,18,656,182,99,84,6,2,1,21,135,429,509,11,70,125,596,704,,160,,1327,1265
"GAGNOA 2",1,2019,342,48,14,6,393,94,43,11,,3,,43,7,330,63,7,70,22,469,85,,449,,192,69
"GAGNOA 2",2,2019,347,47,11,2,238,122,31,5,,,,50,10,249,136,,112,68,435,555,,93,,187,436
"GAGNOA 2",3,2019,351,58,12,5,291,111,52,10,,1,,54,25,292,1397,7,90,21,474,2560,,91,,232,1856
"GAGNOA 2",4,2019,246,30,14,1,322,87,39,12,,,,25,4,253,43,,61,17,331,107,,69,,159,93
"GAGNOA 2",5,2019,22,38,32,5,552,76,56,15,1,,,44,8,257,494,,78,47,332,1902,,80,,174,1886
"GAGNOA 2",6,2019,6,39,24,5,227,97,21,27,,,,42,4,286,74,,69,36,373,120,,54,,141,850
"GAGNOA 2",7,2019,24,26,11,8,491,98,45,14,1,,1,26,8,274,74,,64,35,414,157,,66,,254,1646
"GAGNOA 2",8,2019,135,26,18,5,253,89,61,163,3,,,26,7,261,358,9,65,24,410,570,,73,,217,1244
"GAGNOA 2",9,2019,15,34,11,6,303,82,39,90,,1,,51,9,247,356,9,77,31,379,124,,70,,234,797
"GRAND-BASSAM",1,2019,18,82,53,1,728,119,118,36,21,14,34,95,82,577,593,44,151,41,711,613,,322,,1012,309
"GRAND-BASSAM",2,2019,10,55,5,1,640,147,92,13,18,8,11,68,4,423,309,43,77,,694,547,,94,,439,342
"GRAND-BASSAM",3,2019,21,85,4,,623,156,86,8,38,14,21,70,4,644,430,16,58,150,560,284,,242,,912,402
"GRAND-BASSAM",4,2019,2,65,37,12,396,91,51,12,,8,13,46,52,345,197,4,80,147,307,209,,248,,803,340
"GRAND-BASSAM",5,2019,7,48,53,12,649,98,106,15,16,8,20,45,76,454,381,10,70,109,358,339,,100,,96,221
"GRAND-BASSAM",6,2019,9,46,63,12,611,77,79,12,20,10,23,53,72,454,292,25,63,129,511,320,,80,,533,454
"GRAND-BASSAM",7,2019,19,50,59,13,608,112,87,8,16,4,11,59,93,445,437,10,93,206,512,517,,89,,188,259
"GRAND-BASSAM",8,2019,16,43,88,17,715,143,78,6,9,9,7,52,123,488,282,10,66,134,565,469,,72,,149,307
"GRAND-BASSAM",9,2019,8,61,66,18,581,113,82,16,20,21,16,57,65,439,447,33,97,266,358,444,,118,,97,206
"GRAND-LAHOU",1,2019,4,22,3,,247,65,14,6,9,,,26,3,211,23,8,137,10,327,225,,111,,117,203
"GRAND-LAHOU",2,2019,2,40,3,,200,57,12,9,,,,40,3,214,29,8,160,5,371,123,,120,,157,109
"GRAND-LAHOU",3,2019,6,18,43,12,207,68,15,9,,1,1,24,57,283,36,8,124,101,365,104,,100,,82,86
"GRAND-LAHOU",4,2019,6,32,23,12,230,56,15,6,,,,37,35,286,49,10,100,72,299,424,,47,,119,390
"GRAND-LAHOU",5,2019,12,83,5,52,255,108,25,69,,,,94,57,363,102,7,131,94,506,301,,44,,145,394
"GRAND-LAHOU",6,2019,75,28,54,1,281,43,85,7,1,,1,40,7,272,56,7,76,36,300,288,,55,,126,265
"GRAND-LAHOU",7,2019,12,21,9,,257,77,59,4,1,,1,33,6,334,166,10,58,37,534,326,,25,,204,160
"GRAND-LAHOU",8,2019,8,18,3,,322,48,18,6,,1,1,26,3,370,67,19,72,32,423,337,,46,,115,268
"GRAND-LAHOU",9,2019,8,19,6,3,236,86,34,4,,,,27,22,271,126,18,109,74,372,294,,87,,101,168
"GUEYO",1,2019,97,36,1,,128,55,83,1,,,,43,,142,25,5,45,,142,23,,53,,115,31
"GUEYO",2,2019,101,25,5,,103,43,4,1,,,,21,4,138,34,5,19,,142,62,,34,,92,37
"GUEYO",3,2019,16,30,1,3,116,42,6,1,,,,27,1,131,36,,49,10,179,73,,49,,104,52
"GUEYO",4,2019,91,23,2,,105,35,3,,,,,18,2,120,24,5,29,9,105,74,,47,,79,70
"GUEYO",5,2019,91,18,3,,106,41,6,3,,,,16,3,93,51,5,30,,115,56,,35,,89,41
"GUEYO",6,2019,95,41,2,2,121,34,5,9,,,,31,4,90,34,5,76,10,105,86,,3,,57,79
"GUEYO",7,2019,104,29,2,2,75,22,3,11,,4,,17,4,84,39,5,59,,230,145,,69,,172,113
"GUEYO",8,2019,113,24,2,1,110,26,6,10,,,,15,3,121,39,5,69,10,116,109,,76,,116,116
"GUEYO",9,2019,119,22,3,1,130,34,4,8,,,,21,,78,20,5,36,,132,57,,72,,95,75
"GUIGLO",1,2019,8,64,13,9,285,79,31,5,,,1,70,17,356,56,21,307,50,496,214,,348,,369,287
"GUIGLO",2,2019,25,76,15,5,254,85,28,4,5,1,1,71,11,353,94,19,266,,478,149,,295,,309,169
"GUIGLO",3,2019,5,93,18,9,256,80,22,1,5,1,1,61,11,279,71,10,188,110,360,213,,211,,285,245
"GUIGLO",4,2019,15,62,12,2,238,83,34,14,,,,66,14,328,117,12,218,99,644,180,,255,,419,137
"GUIGLO",5,2019,9,47,8,6,268,105,21,,,,1,44,14,350,31,9,223,85,652,209,,280,,398,246
"GUIGLO",6,2019,3,59,19,2,283,120,21,3,1,1,2,71,21,398,92,20,245,71,767,126,,254,,443,101
"GUIGLO",7,2019,8,57,24,18,252,75,16,6,4,1,7,55,39,326,33,10,201,50,554,56,,218,,440,83
"GUIGLO",8,2019,5,44,47,8,228,61,18,2,,,,45,55,277,36,6,165,128,586,67,,165,,525,114
"GUIGLO",9,2019,13,41,11,4,267,99,18,3,,,,50,15,355,92,7,246,157,696,250,,232,,474,312
"GUITRY",1,2019,130,14,6,1,250,62,17,16,,,,14,5,163,45,,50,20,138,41,,40,,20,27
"GUITRY",2,2019,140,27,66,9,171,51,22,9,,,,20,7,167,25,,64,23,229,71,,47,,78,49
"GUITRY",3,2019,124,20,7,3,205,46,24,7,,,,20,10,188,32,,42,23,197,59,,36,,74,41
"GUITRY",4,2019,77,14,5,4,222,44,23,4,,,,14,9,190,39,,35,18,186,62,,35,,58,53
"GUITRY",5,2019,73,15,5,4,174,44,20,9,,,,16,9,180,34,,35,16,215,55,,39,,105,20
"GUITRY",6,2019,160,31,,,154,56,19,9,,,4,27,,168,37,,33,,164,89,,23,,70,65
"GUITRY",7,2019,93,35,,,170,40,17,3,,4,,22,,191,24,,52,4,240,92,,43,,93,73
"GUITRY",8,2019,535,33,,,209,34,21,5,,,,23,,214,31,,74,,255,58,,68,,93,53
"GUITRY",9,2019,142,39,,,167,37,20,12,,,,27,,166,30,,58,,213,77,,73,,84,64
"ISSIA",1,2019,2437,209,16,4,1327,237,454,18,371,2,2,88,11,223,65,15,98,55,178,123,,16,,38,59
"ISSIA",2,2019,2535,212,14,,1237,221,342,25,385,2,2,66,12,58,80,16,85,44,61,214,,19,,3,134
"ISSIA",3,2019,520,331,20,6,1262,249,426,28,395,10,9,72,23,41,36,17,135,24,68,79,,63,,27,43
"ISSIA",4,2019,2749,187,14,,1371,166,463,18,408,4,4,82,6,173,675,11,90,101,175,1145,,51,,68,495
"ISSIA",5,2019,2843,142,24,4,1322,143,472,16,413,2,165,96,28,517,660,12,183,90,451,1450,,94,,254,832
"ISSIA",6,2019,2883,462,20,,1341,205,486,38,425,,,194,16,315,851,11,301,73,551,1055,,43,,604,389
"ISSIA",7,2019,3138,131,31,,1338,142,508,16,433,3,3,58,17,120,112,40,130,41,267,287,,82,,152,176
"ISSIA",8,2019,3211,147,10,1,1415,152,519,14,455,4,4,118,7,317,175,46,209,20,505,379,,124,,209,288
"ISSIA",9,2019,2983,159,14,2,1365,171,500,9,458,1,1,81,16,98,106,37,114,113,164,89,,77,,151,140
"JACQUEVILLE",1,2019,17,,18,4,271,51,40,9,,,,,20,195,92,,,26,211,103,,,,27,68
"JACQUEVILLE",2,2019,18,1,28,1,126,37,28,1,,,,,,77,36,,,,133,88,,,,72,52
"JACQUEVILLE",3,2019,20,5,10,8,157,41,35,4,,,,,10,61,14,,,60,109,37,,,,21,23
"JACQUEVILLE",4,2019,30,7,97,16,215,43,36,7,,,,7,106,96,13,,10,131,139,305,,3,,43,292
"JACQUEVILLE",5,2019,27,6,24,6,200,28,40,11,,,,5,17,88,82,,10,65,122,296,,5,,48,214
"JACQUEVILLE",6,2019,27,18,35,3,229,90,44,4,,2,,14,38,113,25,,10,57,106,238,,3,,13,213
"JACQUEVILLE",7,2019,25,11,62,12,225,34,46,6,,2,2,3,34,129,12,,20,101,177,79,,17,,58,67
"JACQUEVILLE",8,2019,3,4,44,12,161,30,8,5,,,,17,47,124,48,,17,68,129,138,,,,16,87
"JACQUEVILLE",9,2019,29,4,52,11,223,28,46,1,,,,3,57,109,11,,16,103,108,43,,13,,31,36
"KANI",1,2019,35,27,,,78,31,,,,,,12,,21,,,20,,5,,,40,,33,
"KANI",2,2019,37,27,,,62,40,,,,,,13,,27,,,34,,50,,,13,,22,
"KANI",3,2019,,7,28,3,36,51,,,,,,13,,25,,,15,,,6,,16,,63,6
"KANI",4,2019,33,36,,,97,37,,,,,,18,,33,,,15,,,6,,41,,35,6
"KANI",5,2019,42,40,,,65,25,,,,,,13,,45,,,10,,50,5,,18,,41,
"KANI",6,2019,41,14,,,92,21,,,,,,8,,43,,,10,,74,10,,20,,34,10
"KANI",7,2019,1,9,,,104,27,,,,,,3,,5,,,3,,5,,,10,,29,
"KANI",8,2019,45,18,,,87,23,,,,,,7,,9,,,23,,,,,23,,24,
"KANI",9,2019,45,13,,,79,15,1,,,,,7,,20,,,,,25,,,7,,45,
"KANIASSO",1,2019,161,26,,,78,18,,,,,,,,,,,,,,,,,,,
"KANIASSO",2,2019,154,29,,,67,29,,,,,,,,,,,,,,,,,,,
"KANIASSO",3,2019,57,27,,,55,25,,,,,,2,,2,,,4,,24,,,2,,22,
"KANIASSO",4,2019,222,38,,,83,25,1,,,1,,6,,11,,,7,,33,,,1,,22,
"KANIASSO",5,2019,175,24,3,,76,25,,,11,1,,,,,,,,,,,,,,,
"KANIASSO",6,2019,177,47,,,88,21,,,,,,4,,8,,,13,,21,,,11,,15,
"KANIASSO",7,2019,191,28,25,1,51,25,,,,,,,,,,,,,,,,,,,
"KANIASSO",8,2019,136,37,,,78,30,,,,,,,,,,,,,,,,,,,
"KANIASSO",9,2019,208,31,,,69,16,,,,,,,,,,,,,,,,,,,
"KATIOLA",1,2019,148,71,7,,285,85,17,6,,1,,109,7,327,2,,118,7,213,18,,96,,130,15
"KATIOLA",2,2019,,91,,,283,76,17,6,,,,101,,283,44,,208,,274,55,,197,,223,29
"KATIOLA",3,2019,,98,,1,246,224,19,7,,2,9,84,1,311,25,2,100,45,265,39,,141,,119,14
"KATIOLA",4,2019,227,76,2,1,349,95,14,5,,,2,87,3,383,46,,100,19,325,44,,110,,107,6
"KATIOLA",5,2019,1,82,9,4,282,82,13,6,,1,14,63,13,180,62,10,130,36,210,36,,105,,121,5
"KATIOLA",6,2019,,92,3,2,332,98,15,5,,,,89,21,326,75,,173,94,500,90,,39,,254,20
"KATIOLA",7,2019,,81,8,6,329,89,12,11,,9,,84,15,284,72,,185,67,652,125,,171,,531,53
"KATIOLA",8,2019,2,60,32,3,266,60,18,2,,8,,57,10,309,357,,126,10,132,639,,177,,328,309
"KATIOLA",9,2019,4,69,9,2,416,82,18,6,,1,,148,11,339,78,,132,17,137,107,,160,,208,45
"KONG",1,2019,28,30,37,7,103,23,,1,,,,,,,,,,,,,,,,,
"KONG",2,2019,9,15,32,,110,42,,,,,,,,,,,,,,,,,,,
"KONG",3,2019,13,17,33,,118,40,,,,,,,,,,,,,,,,,,,
"KONG",4,2019,13,18,32,1,150,37,,,,,,,,,,,,,,,,,,,
"KONG",5,2019,16,135,33,6,125,67,,3,2,,,,,,,,,,,,,,,,
"KONG",6,2019,30,16,30,3,101,21,,,,,,,,,,,,,,,,,,,
"KONG",7,2019,31,14,31,3,109,30,,1,,,,,,,,,,,,,,,,,
"KONG",8,2019,34,7,33,1,102,24,,,,,,,,,,,,,,,,,,,
"KONG",9,2019,28,19,33,3,104,30,,,,,,,,,,,,,,,,,,,
"KORHOGO 1",1,2019,15,169,82,31,1350,530,26,158,17,2,2,145,113,1214,76,32,333,214,3608,494,,270,,2626,534
"KORHOGO 1",2,2019,1,214,43,5,1133,459,544,199,,16,16,220,48,1473,757,85,400,90,2401,1477,,233,,1062,763
"KORHOGO 1",3,2019,,241,41,10,1336,569,15,9,,13,13,226,48,1903,189,54,378,198,2292,782,,234,,667,675
"KORHOGO 1",4,2019,36,230,55,26,848,1061,58,176,12,1,13,269,94,1835,261,60,488,317,2683,796,,237,,926,613
"KORHOGO 1",5,2019,1,467,69,14,1332,539,314,163,,7,7,323,187,1637,522,97,549,717,2354,818,,282,,956,464
"KORHOGO 1",6,2019,13,213,357,133,1084,376,145,82,,15,12,226,487,1437,277,85,403,755,2181,841,,230,,983,650
"KORHOGO 1",7,2019,16,213,181,114,1291,397,309,111,,10,5,233,295,1606,503,80,389,681,2141,804,,270,,794,360
"KORHOGO 1",8,2019,15,156,234,40,1321,277,100,71,,7,7,173,272,1595,452,82,549,531,2440,891,,362,,852,436
"KORHOGO 1",9,2019,15,154,200,58,1187,334,180,58,1,14,11,172,258,1522,300,87,474,617,2257,738,,351,,884,466
"KORHOGO 2",1,2019,,26,2,4,197,60,1,,,,,26,7,258,2,2,93,23,413,44,,69,,180,38
"KORHOGO 2",2,2019,9,27,3,6,176,54,1,,,1,,29,9,232,1,2,106,24,397,23,,93,,216,22
"KORHOGO 2",3,2019,5,34,,,195,70,1,,,,,42,,265,1,2,102,15,354,7,,71,,113,9
"KORHOGO 2",4,2019,3,29,,4,183,53,1,,,,,33,4,238,1,2,114,45,412,20,,81,,176,19
"KORHOGO 2",5,2019,1,25,4,2,223,48,1,1,,,,30,8,271,2,2,79,49,447,16,,60,,199,14
"KORHOGO 2",6,2019,11,25,8,7,196,47,2,,,,,26,15,233,2,2,94,50,385,14,,66,,127,12
"KORHOGO 2",7,2019,11,16,1,2,193,39,2,,,,,16,3,234,2,2,71,45,366,17,,67,,163,15
"KORHOGO 2",8,2019,,14,4,1,219,35,2,,,,,14,5,255,2,2,72,39,434,15,,58,,175,13
"KORHOGO 2",9,2019,,39,3,2,171,43,2,,,,,23,8,417,2,2,60,38,1084,40,,45,,181,38
"KORO",1,2019,189,15,,,186,27,4,,,,,16,,66,,,48,,166,,,47,,222,1
"KORO",2,2019,196,20,,,195,39,3,,,,,20,,56,18,,31,,127,40,,40,,236,23
"KORO",3,2019,278,35,,,198,21,9,,,,,35,,65,9,,78,,200,13,,68,,296,14
"KORO",4,2019,308,19,,,254,52,10,7,,,,15,,70,8,,64,,107,390,,72,,115,338
"KORO",5,2019,323,28,,,217,60,15,24,,,,25,,89,29,,41,,155,142,,65,,141,63
"KORO",6,2019,347,16,,,305,49,20,14,,,,15,,70,10,,52,,242,142,,48,,235,151
"KORO",7,2019,270,17,,,272,55,33,22,,,,16,,85,10,,52,,173,70,,67,,203,74
"KORO",8,2019,271,16,,,301,43,22,31,,,,16,,63,34,,34,,120,38,,50,,201,80
"KORO",9,2019,202,16,,,146,16,2,2,,,,16,,51,10,,51,,98,37,,48,,114,32
"KOUASSI KOUASSIKRO",1,2019,15,,2,,31,8,3,2,,,,,,27,2,,9,,60,5,,9,,32,3
"KOUASSI KOUASSIKRO",2,2019,15,,2,,29,15,3,5,,,,,,27,1,,9,,38,5,,9,,28,4
"KOUASSI KOUASSIKRO",3,2019,15,1,,,20,18,5,2,,,,1,,38,7,,9,,43,10,,12,,11,3
"KOUASSI KOUASSIKRO",4,2019,16,,,,31,13,6,2,,,,5,,44,8,,9,10,60,12,,8,,19,10
"KOUASSI KOUASSIKRO",5,2019,16,2,,,20,9,6,3,,,,2,,29,8,,9,,65,10,,11,,38,9
"KOUASSI KOUASSIKRO",6,2019,16,3,,,30,7,8,5,,,,3,,25,4,,1,6,32,,,9,,29,5
"KOUASSI KOUASSIKRO",7,2019,18,,1,,29,15,10,6,,,,,1,26,3,,5,16,23,10,,7,,16,7
"KOUASSI KOUASSIKRO",8,2019,18,1,,,30,14,12,9,,,,1,,22,5,,,15,39,5,,9,,26,7
"KOUASSI KOUASSIKRO",9,2019,18,,2,,26,8,6,4,,,,1,2,28,5,,,15,44,,,9,,23,6
"KOUIBLY",1,2019,1124,73,180,6,1599,80,164,56,,,,33,3,182,207,,20,10,209,79,,70,,149,561
"KOUIBLY",2,2019,1323,66,78,2,1643,74,211,36,,,,36,1,190,195,,109,,250,68,,120,,176,249
"KOUIBLY",3,2019,1171,70,67,9,1543,96,109,17,5,,,52,6,154,168,,52,12,200,346,,100,,195,261
"KOUIBLY",4,2019,1050,71,69,4,1629,86,140,17,5,,,44,4,164,403,,57,7,272,957,,86,,224,465
"KOUIBLY",5,2019,1267,72,57,2,1933,79,138,24,,,,44,10,194,158,,45,5,209,34,,120,,188,329
"KOUIBLY",6,2019,1291,58,48,3,1882,63,240,11,7,,,53,2,162,171,,72,,200,34,,67,,161,137
"KOUIBLY",7,2019,1258,44,48,4,1769,41,138,24,,1,,29,5,126,175,,25,1,160,109,,78,,157,87
"KOUIBLY",8,2019,1236,58,46,11,1831,296,133,68,,1,,38,9,139,128,,102,20,259,177,,131,,239,60
"KOUIBLY",9,2019,1212,43,53,12,1912,73,139,19,,,,31,8,182,21,,109,5,236,134,,141,,252,142
"KOUMASSI",1,2019,24,81,2,,1007,100,485,19,4,10,13,95,2,1045,1441,93,285,2,1650,2894,,194,,732,1479
"KOUMASSI",2,2019,15,53,,,820,97,591,11,,9,9,70,1,726,1947,85,347,50,525,5189,,313,,1320,3347
"KOUMASSI",3,2019,41,82,11,23,948,86,377,23,5,10,15,123,4,917,1093,90,230,170,2510,3070,,145,,1622,2009
"KOUMASSI",4,2019,25,68,64,33,1070,144,726,28,2,11,14,98,1,1092,2257,142,446,20,3150,9035,,396,,340,7168
"KOUMASSI",5,2019,53,63,141,15,560,35,332,9,3,6,6,107,111,543,999,75,202,1183,1264,3523,,145,,841,2723
"KOUMASSI",6,2019,25,64,241,24,757,82,306,11,5,7,7,73,215,617,956,60,160,1096,1195,2930,,109,,515,2096
"KOUMASSI",7,2019,221,79,341,66,1030,141,453,21,6,5,10,96,111,736,1231,62,289,852,1518,3492,,203,,896,2616
"KOUMASSI",8,2019,55,67,165,41,631,139,331,33,,1,6,107,126,552,972,65,216,843,934,2531,,176,,519,1825
"KOUMASSI",9,2019,22,90,258,21,775,191,398,33,13,22,16,93,221,638,1137,63,96,787,723,1485,,100,,176,575
"KOUN-FAO",1,2019,2,2,95,7,424,70,86,14,1,,,2,5,246,92,,32,95,317,240,,45,,160,254
"KOUN-FAO",2,2019,3,7,51,7,403,107,101,19,1,,,7,8,303,126,,7,10,377,221,,32,,208,321
"KOUN-FAO",3,2019,2,9,47,5,398,81,84,20,1,2,,11,5,240,116,,25,30,258,232,,31,,140,321
"KOUN-FAO",4,2019,2,8,50,4,407,79,78,7,1,,7,7,8,252,47,7,26,25,320,70,,22,,152,280
"KOUN-FAO",5,2019,5,8,60,16,449,72,98,13,3,,,8,29,262,131,3,37,160,360,233,,43,,159,332
"KOUN-FAO",6,2019,5,8,100,22,365,62,81,5,2,,1,8,70,211,66,,19,196,322,230,,33,,204,311
"KOUN-FAO",7,2019,4,5,79,22,401,53,76,22,,,,6,75,246,109,,13,68,238,183,,14,,90,280
"KOUN-FAO",8,2019,5,4,72,7,439,77,75,24,1,,,4,29,333,103,,37,62,583,266,,41,,334,317
"KOUN-FAO",9,2019,7,7,67,7,391,60,99,16,,,,7,33,243,109,,36,53,294,144,,40,,259,238
"KOUNAHIRI",1,2019,35,4,,,62,22,,,,,,4,,53,,,16,,49,2,,19,,27,2
"KOUNAHIRI",2,2019,35,12,3,1,61,22,,,,,,12,4,65,,,18,5,48,,,30,,28,11
"KOUNAHIRI",3,2019,4,24,,,65,42,,1,,,,24,8,82,1,,22,25,65,,,16,,35,3
"KOUNAHIRI",4,2019,5,26,1,,69,42,,,,,,26,11,106,,,27,5,88,,,19,,25,3
"KOUNAHIRI",5,2019,5,16,4,,75,36,2,1,,,,10,4,78,2,,3,5,80,4,,13,,32,8
"KOUNAHIRI",6,2019,6,12,3,1,82,23,,,,,,17,4,79,1,,32,5,80,2,,19,,32,1
"KOUNAHIRI",7,2019,6,9,,2,79,26,1,,,5,,4,,57,2,,5,15,61,3,,15,,47,5
"KOUNAHIRI",8,2019,6,5,9,4,67,32,2,,,1,,4,6,96,2,,18,20,70,21,,12,,48,21
"KOUNAHIRI",9,2019,5,10,2,1,77,23,1,,,,,8,1,52,3,,3,10,99,2,,24,,98,19
"KOUTO",1,2019,,25,19,2,121,56,12,1,,,,24,2,157,5,,84,5,326,7,,65,,236,2
"KOUTO",2,2019,,28,2,,129,74,9,3,,,,28,2,185,12,,67,10,264,2,,55,,205,
"KOUTO",3,2019,,37,6,5,125,81,2,2,,,,36,7,172,3,,69,112,292,12,,42,,198,8
"KOUTO",4,2019,,76,5,6,139,75,6,1,,,,76,11,192,7,,105,99,303,9,,49,,210,2
"KOUTO",5,2019,,21,7,2,129,59,4,2,,,,16,6,133,4,,54,91,174,4,,42,,117,
"KOUTO",6,2019,6,37,12,2,140,57,5,1,,,,33,14,139,3,,67,105,307,5,,43,,206,2
"KOUTO",7,2019,,26,3,28,112,58,1,,,1,22,25,31,153,,,81,70,232,,,71,,202,
"KOUTO",8,2019,1,16,5,7,119,52,7,,,,,15,12,170,7,,69,30,206,12,,60,,159,5
"KOUTO",9,2019,3,19,10,,115,59,1,3,,,,21,10,168,4,,51,27,263,9,,45,,203,5
"LAKOTA",1,2019,296,72,81,19,371,107,89,10,,1,,59,57,275,96,,103,108,183,276,,123,,161,340
"LAKOTA",2,2019,267,71,56,17,363,133,82,10,6,5,,64,25,140,58,,72,40,272,251,,99,,310,324
"LAKOTA",3,2019,271,58,73,11,377,105,101,9,,3,,61,33,249,115,,120,80,334,364,,152,,321,554
"LAKOTA",4,2019,328,47,81,11,361,81,108,17,,2,,50,31,206,69,,92,75,362,322,,145,,330,536
"LAKOTA",5,2019,280,63,86,14,390,73,133,11,2,,,59,41,223,156,,62,50,190,286,,84,,263,337
"LAKOTA",6,2019,291,55,95,10,400,86,120,8,3,,4,21,35,116,126,25,36,39,155,241,,27,,164,300
"LAKOTA",7,2019,283,51,103,13,434,76,78,15,4,3,,50,35,232,100,,65,68,318,1108,,94,,292,1155
"LAKOTA",8,2019,274,47,104,13,393,75,126,8,4,1,,42,49,188,71,,62,82,373,1177,,96,,294,1230
"LAKOTA",9,2019,311,49,105,24,401,82,138,14,4,1,6,53,54,204,135,,74,119,343,1002,,76,,317,829
"M'BATTO",1,2019,10,18,4,,139,48,36,11,,,,18,2,120,57,,26,3,77,145,,18,,29,157
"M'BATTO",2,2019,8,7,3,,147,47,26,6,,,,5,3,123,60,,18,1,109,74,,22,,41,119
"M'BATTO",3,2019,1,13,2,,163,50,71,12,,,,10,2,131,103,,30,,97,70,,26,,49,62
"M'BATTO",4,2019,8,15,4,,126,75,50,16,,,,10,,86,74,,11,,148,85,,6,,83,43
"M'BATTO",5,2019,,9,1,50,164,46,40,14,,,,9,1,105,70,,19,15,78,175,,14,,62,130
"M'BATTO",6,2019,1,11,,,164,51,52,12,,,,8,,171,107,,12,,222,83,,13,,116,71
"M'BATTO",7,2019,6,8,3,,161,40,47,7,,,,8,3,169,71,,16,,74,10,,4,,77,12
"M'BATTO",8,2019,8,11,,,160,50,52,9,,,,11,,147,79,,10,,164,184,,5,,125,124
"M'BATTO",9,2019,1,7,2,,203,35,48,6,,,,6,2,165,64,,13,,80,65,,6,,80,62
"M'BENGUE",1,2019,,18,5,2,144,83,2,1,,,,21,7,215,7,,68,15,377,101,,52,,181,92
"M'BENGUE",2,2019,3,27,,1,171,74,,,,,,30,1,244,,,56,4,294,93,,42,,111,3
"M'BENGUE",3,2019,,38,,,167,89,,10,,,,32,,264,13,,71,4,392,108,,52,,174,95
"M'BENGUE",4,2019,,24,1,4,151,106,,7,,3,,27,7,257,7,,93,39,483,102,,73,,257,95
"M'BENGUE",5,2019,,24,12,9,135,95,,3,,,,20,28,273,3,,96,59,403,130,,102,,234,127
"M'BENGUE",6,2019,2,31,8,20,153,72,9,15,,,,31,28,227,24,,61,61,251,142,,65,,199,118
"M'BENGUE",7,2019,2,32,5,7,172,73,1,5,,,,32,12,221,64,,73,68,297,136,,68,,157,52
"M'BENGUE",8,2019,1,19,18,13,170,69,40,14,,,,20,31,229,83,,63,71,345,157,,71,,156,74
"M'BENGUE",9,2019,5,33,23,16,177,74,10,9,,,,20,39,256,77,,71,55,388,97,,77,,187,20
"MADINANI",1,2019,311,13,1,,62,15,1,1,,,,15,,39,12,,36,,32,10,,82,,49,76
"MADINANI",2,2019,413,12,1,,110,10,2,1,,,,16,,29,62,,14,,51,,,54,,51,2
"MADINANI",3,2019,351,30,1,,144,14,,2,,,,22,,36,5,,15,100,64,3,,29,,61,
"MADINANI",4,2019,448,21,1,2,180,23,1,1,,2,,20,1,22,90,,40,100,62,150,,52,,65,60
"MADINANI",5,2019,223,14,1,,59,11,,,,,,8,,15,,,21,10,11,,,36,,29,
"MADINANI",6,2019,324,11,,,73,14,3,,,,,8,11,42,30,,26,,32,,,43,,58,420
"MADINANI",7,2019,388,107,2,1,63,7,,1,15,,,9,,40,84,,20,9,28,426,,47,,77,762
"MADINANI",8,2019,405,10,5,5,35,9,,1,5,5,,9,,31,423,,12,100,140,1686,,60,,71,2019
"MADINANI",9,2019,420,6,,3,103,17,1,,,,,6,14,33,86,,11,20,42,3,,46,,59,1932
"MAN",1,2019,78,149,51,21,436,239,40,10,,9,5,152,15,583,77,15,233,3,942,149,,156,,522,159
"MAN",2,2019,28,114,,5,300,152,43,10,,4,4,137,3,469,52,9,188,,448,110,,152,,434,129
"MAN",3,2019,91,81,33,5,457,117,57,7,,2,2,141,37,481,104,5,144,155,500,432,,96,,344,378
"MAN",4,2019,165,87,16,4,390,158,117,13,,7,7,112,20,455,131,13,229,50,930,177,,178,,491,315
"MAN",5,2019,157,60,60,17,374,123,76,7,1,6,3,77,71,503,145,6,148,150,802,203,,164,,630,250
"MAN",6,2019,18,50,63,10,476,141,46,21,1,11,6,75,109,529,89,14,92,103,670,108,,278,,488,181
"MAN",7,2019,28,77,95,15,403,121,65,9,1,,,87,109,508,123,8,114,181,668,200,,124,,558,144
"MAN",8,2019,24,53,58,16,404,117,52,8,,1,11,63,73,462,74,8,139,185,370,240,,131,,368,217
"MAN",9,2019,22,59,75,18,389,335,60,24,1,1,2,75,91,362,92,10,87,34,154,175,,151,,99,229
"MANKONO",1,2019,324,69,1,1,112,82,,2,,,,82,6,147,5,,149,15,421,46,,193,,478,573
"MANKONO",2,2019,234,70,10,9,107,90,2,4,,1,1,64,1,175,29,6,164,27,435,128,,154,,352,724
"MANKONO",3,2019,130,85,,,158,89,,,,,,78,,208,,,162,15,414,28,,105,,284,553
"MANKONO",4,2019,11,68,2,9,117,64,1,2,,,1,58,11,133,5,,130,25,364,25,,94,,265,549
"MANKONO",5,2019,9,71,1,1,91,63,,,,,7,47,7,125,1,17,66,22,302,22,,43,,229,548
"MANKONO",6,2019,152,63,4,1,113,73,,3,,,,47,5,110,13,5,125,46,403,556,,67,,279,541
"MANKONO",7,2019,163,54,2,2,141,43,,,,,,50,,112,8,5,112,43,380,541,,73,,301,542
"MANKONO",8,2019,177,41,1,7,140,74,6,,60,2,,22,6,128,6,5,131,133,402,541,,72,,495,535
"MANKONO",9,2019,260,60,5,1,190,55,2,1,,,,44,4,107,9,,106,109,318,338,,97,,279,529
"MBAHIAKRO",1,2019,71,11,12,4,139,33,19,16,,,,11,16,113,87,5,37,18,246,137,,92,,250,543
"MBAHIAKRO",2,2019,72,15,3,4,143,42,29,17,,,,13,6,129,155,,37,15,165,642,,91,,248,923
"MBAHIAKRO",3,2019,8,6,4,1,161,48,37,19,,,,8,10,168,197,5,34,21,184,139,,87,,205,825
"MBAHIAKRO",4,2019,46,13,10,3,156,60,26,11,,,,14,13,153,57,5,30,107,124,59,,81,,167,780
"MBAHIAKRO",5,2019,60,18,8,4,201,51,41,14,,,,14,18,188,90,5,39,6,163,135,,78,,127,770
"MBAHIAKRO",6,2019,3,7,30,9,54,12,20,4,,,3,11,39,131,137,8,26,84,89,71,,16,,89,717
"MBAHIAKRO",7,2019,60,10,8,3,196,33,61,8,,,,7,10,143,86,5,18,5,150,109,,70,,105,409
"MBAHIAKRO",8,2019,80,18,18,2,208,28,61,9,,,,8,28,149,78,10,24,105,177,98,,91,,155,444
"MBAHIAKRO",9,2019,18,19,17,1,127,30,15,16,,1,,17,18,124,57,20,57,6,191,67,,66,,163,91
"MEAGUI",1,2019,94,132,7,1,365,155,18,6,18,24,8,108,7,575,47,46,282,9,597,108,,190,,226,95
"MEAGUI",2,2019,100,145,1,,313,113,31,6,19,12,9,154,1,357,142,101,492,8,767,303,,405,,595,184
"MEAGUI",3,2019,113,203,4,5,453,186,24,18,23,16,16,200,4,545,61,88,531,68,876,248,,421,,519,235
"MEAGUI",4,2019,98,129,7,2,554,169,37,11,26,20,15,128,9,512,93,52,402,22,750,262,,395,,477,247
"MEAGUI",5,2019,122,174,8,18,474,198,23,14,43,15,12,188,18,615,126,32,402,48,639,200,,399,,285,162
"MEAGUI",6,2019,76,145,11,6,439,155,24,2,32,13,13,137,21,535,79,48,581,81,1091,163,,228,,408,189
"MEAGUI",7,2019,12,145,16,4,355,129,17,15,,12,10,185,19,453,69,35,639,60,776,148,,614,,580,194
"MEAGUI",8,2019,3,130,12,8,260,114,36,9,,4,9,136,34,456,107,48,495,167,928,528,,532,,633,547
"MEAGUI",9,2019,21,107,17,7,422,124,49,15,,36,12,138,39,477,114,32,428,181,856,518,,494,,599,579
"MINIGNAN",1,2019,400,16,,,357,16,,,,,,3,,2,,,,,,,,4,,12,
"MINIGNAN",2,2019,481,20,,,367,15,,,,,,8,,7,,,15,,10,,,7,,18,
"MINIGNAN",3,2019,402,23,,,364,22,,,,,,4,,4,,,20,,,,,16,,,
"MINIGNAN",4,2019,411,20,,,363,27,,,,,,1,,5,,,,,,,,3,,,
"MINIGNAN",5,2019,412,17,,,358,21,,,,,,27,,37,,,50,,50,,,23,,13,
"MINIGNAN",6,2019,415,19,,,340,14,,,,1,,7,,1,,,28,,14,,,28,,13,
"MINIGNAN",7,2019,422,22,,,326,20,,,,,,5,,7,,,30,,25,,,,,18,
"MINIGNAN",8,2019,259,21,,,201,12,,,,,,6,,,,,19,,,,,13,,,
"MINIGNAN",9,2019,186,15,,,152,45,,,,,,,,,,,,,,,,,,,
"NASSIAN",1,2019,,13,,,102,49,12,9,,,,13,,126,47,,13,,104,106,,60,,75,206
"NASSIAN",2,2019,,13,,,67,52,13,9,,,,10,,119,57,1,34,,193,97,,76,,137,150
"NASSIAN",3,2019,,27,,,57,53,18,29,,1,,27,,101,55,,35,,100,79,,45,,155,89
"NASSIAN",4,2019,,21,,,104,68,8,8,,,,26,,179,22,,35,,187,101,,38,,172,120
"NASSIAN",5,2019,,21,,,120,56,5,4,,,,21,,170,24,,46,,161,49,,28,,144,72
"NASSIAN",6,2019,,17,,,77,72,15,28,,,,17,,124,55,,1,,154,170,,20,,72,162
"NASSIAN",7,2019,,24,,,130,65,8,41,7,1,,21,,115,57,,,,167,142,,9,,113,125
"NASSIAN",8,2019,,17,,,117,56,10,8,,,,15,,115,24,,74,,162,126,,61,,107,158
"NASSIAN",9,2019,,13,,,51,49,7,30,,,,7,,123,43,2,18,,99,57,,54,,88,122
"NIAKARAMADOUGOU",1,2019,1250,68,93,,2085,91,174,1,52,4,4,76,,327,120,10,120,,519,8460,,266,,300,8775
"NIAKARAMADOUGOU",2,2019,1228,58,93,2,2079,99,146,,56,5,5,54,2,333,215,10,114,6,593,8456,,243,,374,8576
"NIAKARAMADOUGOU",3,2019,1247,66,90,,2142,90,141,2,59,1,1,54,2,315,1728,10,106,20,541,8430,,136,,364,6518
"NIAKARAMADOUGOU",4,2019,873,72,77,4,2052,86,151,4,60,4,1,70,4,318,51,10,137,100,466,8489,,178,,261,6567
"NIAKARAMADOUGOU",5,2019,1314,54,124,14,2050,66,143,7,63,7,13,59,25,296,76,20,115,150,488,8580,,184,,311,6613
"NIAKARAMADOUGOU",6,2019,1336,65,101,3,2083,90,141,4,64,2,1,54,7,314,63,10,131,100,589,8502,,4,,174,6539
"NIAKARAMADOUGOU",7,2019,1397,53,103,5,2110,85,147,11,65,2,1,57,20,236,1748,10,105,50,637,8509,,206,,344,4901
"NIAKARAMADOUGOU",8,2019,1353,64,130,9,2040,75,139,1,7,1,1,51,17,291,29,10,121,50,521,8460,,206,,295,4902
"NIAKARAMADOUGOU",9,2019,1418,65,117,19,2145,115,140,23,68,4,16,50,42,366,1382,10,116,59,626,11212,,141,,333,6283
"ODIENNE",1,2019,274,75,7,1,351,55,10,5,,1,,40,2,126,5,,82,,180,11,,89,,175,12
"ODIENNE",2,2019,1003,574,13,1,1240,89,379,3,,1,,51,,152,37,,104,,233,4,,101,,179,861
"ODIENNE",3,2019,628,80,5,,618,91,8,3,,,,59,3,121,3,,91,20,230,12,,108,,160,867
"ODIENNE",4,2019,1346,57,19,6,833,108,7,5,,4,,56,4,175,13,,59,10,166,14,,110,,128,13
"ODIENNE",5,2019,317,82,1,3,837,83,378,4,2,,,74,5,200,6,,81,,270,10,,77,,152,11
"ODIENNE",6,2019,583,58,107,13,742,112,11,3,,,,56,7,151,4,,92,5,271,2,,67,,202,8
"ODIENNE",7,2019,1317,61,6,13,915,77,6,3,,9,,62,2,139,5,,72,,205,5,,68,,189,13
"ODIENNE",8,2019,329,72,,12,588,71,6,2,,,,38,12,125,2,,46,10,155,,,59,,126,6
"ODIENNE",9,2019,1185,253,7,,652,61,3,2,,,,28,2,109,3,,76,,322,5,,72,,303,7
"OUANGOLODOUGOU",1,2019,51,20,112,28,374,101,9,7,10,4,,15,6,149,8,10,23,6,209,,,101,,269,125
"OUANGOLODOUGOU",2,2019,84,30,38,2,473,98,28,12,11,,,17,8,123,10,,20,,93,,,87,,158,115
"OUANGOLODOUGOU",3,2019,47,84,27,4,436,115,22,,5,2,,,,31,,,,,109,,,,,81,
"OUANGOLODOUGOU",4,2019,60,37,30,4,465,102,10,4,4,2,,11,,136,,,71,,242,,,62,,107,
"OUANGOLODOUGOU",5,2019,63,39,5,3,240,59,9,1,8,3,,14,,49,,110,20,,137,,,6,,88,
"OUANGOLODOUGOU",6,2019,30,29,3,1,299,99,3,,,4,,,,16,,,,,56,,,,,40,
"OUANGOLODOUGOU",7,2019,6,19,1,,265,104,1,2,,,,13,,197,1,,84,,416,,,125,,305,85
"OUANGOLODOUGOU",8,2019,19,37,4,1,375,73,3,2,,,,6,6,35,18,,27,,245,87,,73,,149,198
"OUANGOLODOUGOU",9,2019,51,46,9,5,306,143,4,,18,,,12,1,85,2,,20,,140,,,53,,124,68
"OUANINOU",1,2019,147,13,,,252,20,18,4,,,,6,,23,,,12,,48,,,10,,42,4
"OUANINOU",2,2019,164,19,,,279,20,75,,,,,8,,13,,,16,,40,,,11,,46,9
"OUANINOU",3,2019,138,10,,,290,22,18,,,,,9,,18,,,13,,30,6,,16,,54,4
"OUANINOU",4,2019,140,11,,,250,13,13,5,,,,11,,13,2,,66,,83,70,,64,,108,72
"OUANINOU",5,2019,147,7,,,289,13,16,,,,,2,,22,,,9,,48,23,,37,,86,46
"OUANINOU",6,2019,169,8,,,244,12,14,1,,,,3,,18,5,,15,,71,20,,39,,135,63
"OUANINOU",7,2019,156,8,,,234,8,17,,,,,4,,15,,,55,,105,64,,62,,147,86
"OUANINOU",8,2019,163,10,,,246,20,17,1,,,,5,,28,2,,48,,93,46,,61,,152,83
"OUANINOU",9,2019,145,11,,,242,17,15,2,,,,7,,18,11,,34,,56,27,,48,,91,38
"OUME",1,2019,281,81,156,5,977,135,324,13,3,,,74,59,376,186,7,212,75,696,905,,182,,431,889
"OUME",2,2019,299,44,50,,1015,126,345,12,3,8,,45,1,377,117,,101,25,706,663,,106,,435,547
"OUME",3,2019,279,58,152,12,576,100,104,13,3,3,,65,22,365,39,7,195,179,515,456,,148,,205,585
"OUME",4,2019,351,28,75,9,923,77,349,9,3,1,1,36,22,347,460,17,190,182,789,2124,,203,,474,1704
"OUME",5,2019,124,37,101,34,879,136,345,14,3,4,4,41,34,413,623,7,178,170,820,717,,106,,500,1069
"OUME",6,2019,65,19,92,14,801,56,324,7,,1,1,22,56,215,461,12,168,129,543,1148,,44,,378,1109
"OUME",7,2019,78,22,114,22,500,87,344,20,,2,2,24,42,340,457,10,152,91,810,1349,,155,,539,1136
"OUME",8,2019,31,29,110,9,483,99,63,7,,1,1,47,113,399,767,10,118,171,727,928,,97,,384,663
"OUME",9,2019,18,29,102,16,568,141,283,9,,7,,30,44,368,433,,106,209,664,1074,,117,,370,352
"PORT-BOUET-VRIDI",1,2019,68,41,14,4,814,126,74,11,10,3,31,139,10,797,374,63,1749,,1855,3425,,1801,,1468,2126
"PORT-BOUET-VRIDI",2,2019,63,39,6,1,713,150,121,20,10,2,26,131,1,1225,602,110,980,,2209,2090,,1058,,1458,1739
"PORT-BOUET-VRIDI",3,2019,62,33,12,3,665,140,151,14,4,2,27,109,16,1159,451,87,916,135,1365,1736,,1012,,926,1662
"PORT-BOUET-VRIDI",4,2019,69,37,117,10,695,125,94,6,8,9,27,140,131,898,478,87,982,60,2250,1995,,1033,,2045,2425
"PORT-BOUET-VRIDI",5,2019,71,38,26,5,695,194,176,27,10,4,28,129,15,1283,555,39,905,304,2390,1364,,994,,1318,3393
"PORT-BOUET-VRIDI",6,2019,35,41,67,18,764,179,109,10,6,4,20,2889,424,997,398,119,803,642,2501,4192,,899,,1999,4063
"PORT-BOUET-VRIDI",7,2019,123,48,87,15,706,140,97,13,10,3,34,113,189,991,411,104,729,509,1997,2366,,830,,2547,2240
"PORT-BOUET-VRIDI",8,2019,122,39,63,22,483,92,102,10,7,1,14,98,548,965,437,71,636,518,2079,2531,,741,,1797,2598
"PORT-BOUET-VRIDI",9,2019,160,98,37,7,773,135,130,27,11,3,24,114,31,730,478,58,547,13,1725,1775,,631,,1480,2162
"PRIKRO",1,2019,87,19,15,,210,51,14,3,,,,17,,143,13,,50,,229,26,,46,,141,30
"PRIKRO",2,2019,86,19,15,,203,69,16,4,,2,2,11,,116,20,10,50,,252,54,,50,,168,34
"PRIKRO",3,2019,110,28,17,,252,56,15,3,1,1,,20,2,135,29,10,57,2,231,37,,38,,138,18
"PRIKRO",4,2019,117,7,15,1,154,44,24,2,4,,,7,1,110,22,10,65,1,199,50,,76,,173,28
"PRIKRO",5,2019,117,10,16,,246,37,15,1,2,,,6,1,100,14,,48,1,150,36,,56,,134,23
"PRIKRO",6,2019,71,11,15,,255,45,21,1,2,,,7,,118,22,,35,,157,51,,26,,130,29
"PRIKRO",7,2019,183,15,16,,568,50,21,4,2,,,13,1,87,18,,75,1,138,42,,64,,100,33
"PRIKRO",8,2019,88,21,15,,177,34,8,5,2,,,19,,104,21,,61,,160,72,,62,,111,51
"PRIKRO",9,2019,31,17,15,,215,51,6,5,,,,11,,103,6,,50,,184,44,,46,,114,52
"SAKASSOU",1,2019,19,39,18,5,229,78,54,24,,,,41,24,298,274,4,35,14,321,259,,208,,270,438
"SAKASSOU",2,2019,177,33,3,,247,95,61,10,,,,30,1,295,337,4,32,,252,1065,,197,,230,604
"SAKASSOU",3,2019,182,43,2,,218,96,58,8,,1,2,37,1,277,253,3,30,10,287,1029,,174,,251,359
"SAKASSOU",4,2019,184,44,20,6,294,90,72,11,,,,62,25,346,178,5,110,146,315,513,,212,,172,498
"SAKASSOU",5,2019,3,34,13,20,306,72,84,13,,,,34,32,306,227,2,62,45,360,288,,180,,198,505
"SAKASSOU",6,2019,137,34,21,10,206,50,53,9,,1,,34,31,227,127,2,36,48,215,237,,169,,202,338
"SAKASSOU",7,2019,355,23,25,7,205,38,60,14,11,2,2,16,33,236,185,5,365,371,840,171,,504,,651,258
"SAKASSOU",8,2019,382,37,28,5,205,85,66,18,12,,,39,36,276,211,3,29,78,317,267,,496,,644,278
"SAKASSOU",9,2019,217,26,14,6,217,51,63,5,12,1,,23,20,259,189,2,26,32,176,172,,481,,596,205
"SAN-PEDRO",1,2019,203,294,68,21,1017,290,295,50,10,23,23,394,84,987,1118,92,655,201,1874,3556,,369,,1036,2708
"SAN-PEDRO",2,2019,125,312,35,3,998,245,284,28,13,10,28,314,29,909,986,62,711,175,1574,2778,,467,,994,2132
"SAN-PEDRO",3,2019,109,225,33,13,901,286,426,29,11,23,23,231,26,1057,933,94,714,380,1576,2757,,620,,810,2018
"SAN-PEDRO",4,2019,489,270,45,20,976,267,204,33,16,13,19,311,49,1098,713,96,721,318,1979,2793,,610,,1168,2379
"SAN-PEDRO",5,2019,482,223,51,15,857,215,358,43,9,22,3,194,97,497,347,36,433,214,1048,2134,,524,,923,2032
"SAN-PEDRO",6,2019,428,234,35,28,919,241,385,37,21,21,63,280,49,1028,918,46,536,220,1699,2969,,70,,840,2205
"SAN-PEDRO",7,2019,534,341,121,52,935,267,343,114,21,32,30,400,145,1034,941,67,824,558,1760,3163,,528,,1001,2069
"SAN-PEDRO",8,2019,517,209,116,25,753,205,349,48,10,27,15,305,130,792,885,85,630,362,1474,2949,,563,,1082,2453
"SAN-PEDRO",9,2019,670,236,124,26,914,193,240,24,18,12,35,255,146,983,735,123,640,371,1043,2761,,631,,371,2186
"SANDEGUE",1,2019,,4,,,58,26,5,4,,1,,7,,76,9,25,30,6,151,37,,32,,97,28
"SANDEGUE",2,2019,,6,,,66,22,7,9,,3,2,12,,88,17,25,28,6,133,40,,23,,63,23
"SANDEGUE",3,2019,,9,,4,82,32,8,2,,,,9,4,112,14,23,14,6,178,29,,26,,94,20
"SANDEGUE",4,2019,38,12,2,,54,28,2,3,,,,3,2,80,6,23,32,2,136,11,,16,,77,5
"SANDEGUE",5,2019,,8,,,102,32,2,,,2,,10,,82,5,23,15,,208,46,,20,,100,41
"SANDEGUE",6,2019,,7,,,45,28,3,,,,,9,,80,5,,19,,98,17,,8,,79,12
"SANDEGUE",7,2019,,11,,,79,32,12,1,,5,5,12,,79,8,23,14,,122,39,,11,,60,101
"SANDEGUE",8,2019,25,16,,,283,52,15,1,,5,5,10,,101,1,18,25,,183,38,,23,,116,36
"SANDEGUE",9,2019,,34,5,,68,27,1,,,,,13,5,97,1,13,21,10,152,16,,27,,92,21
"SASSANDRA",1,2019,24,89,12,,306,175,54,11,,1,1,68,12,346,26,14,144,17,452,196,,153,,254,192
"SASSANDRA",2,2019,18,69,4,,277,124,18,9,2,2,3,73,7,324,127,3,166,5,414,207,,169,,290,240
"SASSANDRA",3,2019,14,74,,,268,133,15,1,,5,1,66,,303,36,3,179,5,453,194,,152,,263,208
"SASSANDRA",4,2019,10,65,2,1,277,118,11,12,,1,,74,7,336,216,3,142,50,461,298,,125,,225,141
"SASSANDRA",5,2019,12,51,2,,332,117,15,49,,2,3,58,22,387,130,13,180,45,520,173,,166,,342,131
"SASSANDRA",6,2019,27,93,13,4,384,123,68,24,,,,70,17,289,32,3,135,44,450,86,,160,,242,92
"SASSANDRA",7,2019,23,63,10,3,367,123,68,21,,1,1,46,13,278,41,8,102,50,305,79,,134,,204,59
"SASSANDRA",8,2019,35,57,18,3,388,107,109,28,,1,,52,12,229,38,,122,29,486,65,,144,,367,50
"SASSANDRA",9,2019,33,67,2,,409,116,112,40,,,2,68,2,348,281,5,198,37,549,364,,151,,364,90
"SEGUELA",1,2019,118,81,17,4,248,90,34,5,3,9,8,74,7,184,9,70,149,30,357,64,,149,,405,179
"SEGUELA",2,2019,98,80,16,4,285,82,43,7,,2,,54,3,157,74,,92,5,431,420,,142,,912,683
"SEGUELA",3,2019,104,71,11,3,250,111,36,4,1,4,2,52,19,180,116,10,147,5,358,55,,165,,377,441
"SEGUELA",4,2019,86,57,21,7,216,100,43,1,1,3,2,56,2,180,123,,132,5,359,102,,116,,307,373
"SEGUELA",5,2019,178,103,13,2,243,156,37,10,3,6,3,54,2,254,272,,74,,218,340,,133,,791,658
"SEGUELA",6,2019,194,46,,2,216,79,29,1,1,7,,36,2,175,73,,128,,376,522,,180,,859,1081
"SEGUELA",7,2019,185,37,16,1,244,65,37,6,,,,37,1,177,93,,231,,383,472,,294,,830,992
"SEGUELA",8,2019,135,52,16,1,185,75,18,5,3,,1,41,1,137,130,,101,10,254,676,,298,,924,1113
"SEGUELA",9,2019,191,51,12,4,210,71,31,6,2,,4,37,2,127,39,,163,,212,335,,322,,820,1103
"SIKENSI",1,2019,,30,17,1,182,46,67,6,,,,30,18,211,898,,55,,352,1152,,37,,234,440
"SIKENSI",2,2019,82,29,11,10,160,65,15,5,,,,32,11,196,505,,55,,339,1650,,30,,345,1223
"SIKENSI",3,2019,82,31,4,2,242,46,31,9,,,,31,6,285,618,,68,225,379,1140,,64,,299,888
"SIKENSI",4,2019,4,34,16,4,205,33,34,7,,,,34,20,221,798,,84,125,335,1351,,68,,254,956
"SIKENSI",5,2019,89,25,27,13,212,53,29,4,,,,25,40,234,546,,33,117,418,1335,,38,,281,1085
"SIKENSI",6,2019,83,18,54,18,161,33,32,11,,3,3,18,72,191,555,,32,159,286,514,,38,,254,484
"SIKENSI",7,2019,9,30,12,3,167,108,33,10,4,6,12,39,15,265,434,31,55,51,337,905,,47,,206,914
"SIKENSI",8,2019,2,20,12,1,217,48,25,11,,1,1,22,13,268,543,16,32,45,370,1322,,40,,222,980
"SIKENSI",9,2019,21,13,14,1,207,58,22,8,,7,3,28,15,224,397,15,60,68,376,1263,,58,,227,1478
"SINEMATIALI",1,2019,1,21,2,1,251,65,,,,,,22,3,305,4,,43,,455,,,51,,217,6
"SINEMATIALI",2,2019,,39,,,210,48,2,,,,,39,,258,13,,53,,319,15,,48,,195,8
"SINEMATIALI",3,2019,1,30,2,,246,62,,2,,,,31,2,309,,,82,10,356,,,78,,204,3
"SINEMATIALI",4,2019,3,35,1,1,232,61,2,,,8,,46,2,293,10,,61,8,499,12,,31,,213,2
"SINEMATIALI",5,2019,,59,5,,236,77,1,,,,,57,5,313,7,,142,10,419,22,,92,,210,17
"SINEMATIALI",6,2019,,35,2,,269,44,1,,,,,35,2,313,5,,74,,409,,,89,,230,12
"SINEMATIALI",7,2019,,27,2,,214,58,1,1,,,,27,2,272,4,,53,,341,,,90,,212,18
"SINEMATIALI",8,2019,1,20,1,,243,46,2,,,,,21,1,290,1,,58,,475,,,98,,229,17
"SINEMATIALI",9,2019,,24,1,,215,67,2,,,,,19,1,282,8,,38,,396,15,,56,,169,7
"SINFRA",1,2019,15,85,32,8,416,104,36,9,,1,1,93,38,456,89,5,82,103,475,143,,43,,138,172
"SINFRA",2,2019,26,93,71,3,383,105,49,10,,1,1,90,14,370,154,5,98,24,376,152,,140,,478,1192
"SINFRA",3,2019,21,108,15,4,432,83,118,9,6,7,,72,11,347,120,5,54,126,267,180,,114,,468,1211
"SINFRA",4,2019,15,87,24,12,377,71,32,9,,2,2,85,34,438,139,5,226,134,625,271,,252,,552,1335
"SINFRA",5,2019,79,85,50,13,279,54,56,4,1,4,2,98,64,409,239,5,76,108,356,133,,200,,501,1173
"SINFRA",6,2019,20,82,52,13,386,61,44,5,1,4,,105,48,479,155,,140,118,532,278,,186,,508,1263
"SINFRA",7,2019,21,65,68,19,378,65,41,7,,3,,87,89,433,156,,128,87,492,109,,189,,443,1184
"SINFRA",8,2019,18,77,42,18,322,104,39,2,,3,2,95,60,383,117,8,83,139,344,158,,169,,335,1296
"SINFRA",9,2019,21,68,45,11,387,59,46,6,3,,4,105,57,431,2218,12,94,75,324,161,,132,,282,1095
"SOUBRE",1,2019,331,220,16,3,504,200,102,9,,6,4,226,20,578,248,17,270,65,726,321,,202,,335,253
"SOUBRE",2,2019,312,212,5,6,458,193,96,27,10,28,4,213,11,549,315,26,391,46,724,485,,279,,346,226
"SOUBRE",3,2019,322,254,11,14,484,171,108,15,77,3,3,247,17,507,296,26,323,50,691,389,,215,,364,175
"SOUBRE",4,2019,255,169,24,4,446,164,80,14,75,12,24,164,27,499,268,34,308,79,677,371,,278,,394,179
"SOUBRE",5,2019,193,156,27,5,443,258,71,12,74,5,5,166,32,510,262,34,252,98,511,517,,296,,303,326
"SOUBRE",6,2019,198,131,18,10,491,171,75,18,76,12,11,137,29,502,254,53,282,101,576,350,,94,,290,248
"SOUBRE",7,2019,107,124,27,14,377,141,80,13,81,21,5,123,27,426,289,46,179,76,436,433,,182,,208,297
"SOUBRE",8,2019,114,225,20,17,457,135,61,9,86,7,20,195,37,492,234,45,315,110,739,931,,299,,369,831
"SOUBRE",9,2019,219,308,21,4,485,154,83,16,86,64,4,142,26,517,355,41,249,69,544,829,,295,,341,610
"TABOU",1,2019,8,72,33,16,336,129,18,11,,3,3,78,17,337,78,16,79,30,454,123,,107,,414,1151
"TABOU",2,2019,2,66,1,1,257,91,14,23,,3,4,60,,264,69,9,45,,236,79,,124,,414,480
"TABOU",3,2019,1,116,1,2,340,124,19,6,,,,68,4,316,61,5,39,125,275,43,,102,,347,543
"TABOU",4,2019,2,86,7,10,283,133,15,5,1,,1,58,23,272,73,14,96,102,396,124,,132,,371,485
"TABOU",5,2019,1,80,15,4,277,101,29,8,,,,60,22,279,99,9,42,20,145,115,,138,,351,492
"TABOU",6,2019,12,88,45,26,333,104,17,5,,2,9,81,38,328,85,9,96,5,285,121,,75,,293,481
"TABOU",7,2019,23,64,46,23,287,143,9,9,1,1,2,65,47,342,27,8,145,35,561,91,,244,,575,490
"TABOU",8,2019,2,83,56,27,296,97,14,11,,,,83,51,327,76,7,33,18,225,53,,234,,450,466
"TABOU",9,2019,15,111,20,14,351,129,15,12,,3,1,119,28,358,40,7,128,16,185,90,,246,,355,529
"TAI",1,2019,99,23,25,,207,56,53,3,,,,115,25,229,54,,134,10,352,41,,118,,239,37
"TAI",2,2019,90,15,25,,199,42,51,6,,,,26,,124,25,,216,,491,62,,201,,363,37
"TAI",3,2019,43,20,23,5,216,45,44,,,,,17,7,112,12,,200,100,314,37,,183,,199,25
"TAI",4,2019,182,19,30,2,238,41,44,1,,,,111,7,136,12,,173,93,419,25,,171,,314,13
"TAI",5,2019,106,15,38,,303,80,41,,,,,28,13,147,8,,165,86,267,17,,145,,143,9
"TAI",6,2019,98,18,34,1,257,35,43,4,,,,18,10,131,15,,154,73,336,28,,121,,195,103
"TAI",7,2019,105,7,36,,254,42,35,2,,,,15,11,121,5,44,138,63,283,9,,116,,176,4
"TAI",8,2019,104,3,30,1,251,36,34,,,,,9,7,132,3,,185,52,419,16,,176,,337,13
"TAI",9,2019,101,16,35,4,253,56,38,,,,,21,15,135,6,,176,45,340,11,,144,,221,25
"TANDA",1,2019,11,11,22,3,160,22,42,6,,,,17,1,195,109,,37,,195,246,,24,,206,114
"TANDA",2,2019,12,18,18,2,122,31,35,6,,,,30,,144,80,3,31,,115,110,,20,,83,124
"TANDA",3,2019,15,13,5,,121,39,26,3,,,,18,,130,57,,20,5,136,55,,24,,116,135
"TANDA",4,2019,15,21,10,8,98,30,22,1,,,,24,16,97,47,,33,140,170,85,,30,,162,155
"TANDA",5,2019,15,34,39,14,108,31,25,4,,,2,42,49,130,81,,65,50,100,84,,52,,129,177
"TANDA",6,2019,16,19,36,10,110,23,19,8,,,,18,44,96,72,,16,27,123,170,,43,,144,226
"TANDA",7,2019,24,12,38,16,131,22,29,6,,,,10,61,110,47,,40,168,233,80,,60,,257,256
"TANDA",8,2019,22,7,41,9,118,26,19,5,,,,6,52,112,56,,11,36,103,36,,58,,251,228
"TANDA",9,2019,25,16,34,,148,32,29,10,1,,1,18,30,143,83,,6,45,73,10,,53,,192,150
"TEHINI",1,2019,4,13,,,58,32,2,,,,,16,,87,2,,44,,134,18,,28,,51,16
"TEHINI",2,2019,,7,,,58,16,,,,,,7,,74,,,31,,185,5,,27,,112,5
"TEHINI",3,2019,1,17,1,,52,18,,,,,,18,,70,,,32,,150,2,,14,,60,3
"TEHINI",4,2019,6,14,,,57,40,,,,,,13,,95,,,19,,77,,,6,,47,
"TEHINI",5,2019,2,14,,,54,24,,,,,,15,,78,6,,26,,124,15,,17,,48,5
"TEHINI",6,2019,,7,,,49,18,,,,,,7,,64,5,,21,,94,7,,17,,54,2
"TEHINI",7,2019,,5,,,58,25,,,,,,5,,83,,,36,,153,,,34,,77,
"TEHINI",8,2019,,4,,,56,20,,,,,,4,,71,,,10,,95,,,8,,24,
"TEHINI",9,2019,1,5,,,64,22,,,,,,5,,86,,,17,,143,183,,15,,62,183
"TENGRELA",1,2019,375,21,2,,705,218,3,3,1,,,9,1,103,,5,30,1,173,,,21,,70,
"TENGRELA",2,2019,458,403,1,,737,222,2,2,1,,,4,,98,,,35,15,205,,,32,,107,
"TENGRELA",3,2019,443,25,12,1,296,102,1,2,1,,,19,,153,,,49,,382,,,30,,229,
"TENGRELA",4,2019,430,117,,2,838,305,3,6,4,4,,10,,104,,,36,,226,,,26,,112,
"TENGRELA",5,2019,793,15,1,1,396,213,6,5,15,1,,4,2,113,,,25,5,193,4,,21,,80,4
"TENGRELA",6,2019,419,144,,,579,283,6,33,,,,21,,168,3,,54,,285,19,,9,,117,16
"TENGRELA",7,2019,368,97,,,553,123,11,3,,,,20,2,98,,,48,20,230,,,27,,122,
"TENGRELA",8,2019,423,37,15,12,470,108,11,8,62,,,12,,191,,,24,,329,,,12,,138,
"TENGRELA",9,2019,516,49,3,,522,91,14,3,1,,,30,2,207,,,59,5,386,10,,13,,153,
"TIAPOUM",1,2019,,1,13,1,84,16,4,,,,,,14,83,3,,,41,119,30,,,,52,63
"TIAPOUM",2,2019,,,,,107,15,11,1,,,,,,41,13,,,41,135,96,,,,108,117
"TIAPOUM",3,2019,,2,,,136,21,17,,,,,2,,66,11,,4,,120,89,,,,66,114
"TIAPOUM",4,2019,1,4,,,114,25,11,1,,,,1,,79,5,,2,,116,122,,1,,37,117
"TIAPOUM",5,2019,,18,,2,119,56,5,2,,,,,2,32,46,,,20,55,120,,,,26,68
"TIAPOUM",6,2019,1,,,2,125,36,9,14,,,,,,71,10,,,8,140,113,,,,73,96
"TIAPOUM",7,2019,,,,,106,29,13,2,,,,,,76,10,,,8,130,96,,,,54,86
"TIAPOUM",8,2019,,5,,,124,38,5,2,,,,3,,38,7,,4,8,62,67,,1,,45,88
"TIAPOUM",9,2019,,1,,,103,26,3,2,,,,,4,27,11,,10,13,70,69,,10,,55,92
"TIASSALE",1,2019,156,37,33,18,340,155,72,18,4,8,,54,31,414,243,6,129,57,412,295,,95,,127,250
"TIASSALE",2,2019,35,39,102,2,505,140,155,17,4,6,1,102,11,382,501,14,103,21,459,613,,100,,168,557
"TIASSALE",3,2019,8,43,18,17,276,86,45,8,,1,1,36,5,297,178,13,68,95,303,166,,72,,148,203
"TIASSALE",4,2019,9,31,142,7,486,135,182,9,,,,37,28,415,193,5,38,10,427,624,,77,,189,638
"TIASSALE",5,2019,21,55,170,22,484,116,166,10,,,,46,54,464,646,,40,58,417,551,,93,,235,922
"TIASSALE",6,2019,16,35,105,16,484,102,146,10,2,4,,30,24,394,228,,59,56,442,629,,20,,257,651
"TIASSALE",7,2019,35,91,136,14,571,97,169,29,1,8,6,77,54,318,125,7,57,25,327,178,,81,,302,676
"TIASSALE",8,2019,38,56,19,5,407,95,97,20,4,3,16,51,33,364,221,,63,74,402,448,,70,,328,855
"TIASSALE",9,2019,50,59,121,15,598,102,165,11,2,2,2,49,38,474,704,,61,51,411,655,,94,,326,1001
"TIEBISSOU",1,2019,1,18,10,6,294,116,44,20,1,,1,21,16,415,121,24,74,57,580,316,,70,,242,163
"TIEBISSOU",2,2019,1,24,12,3,258,108,51,28,3,1,1,29,15,348,190,25,89,31,575,371,,84,,252,211
"TIEBISSOU",3,2019,65,32,32,9,297,127,53,16,2,1,1,32,44,426,105,23,96,75,499,257,,71,,178,187
"TIEBISSOU",4,2019,2,34,27,11,281,117,54,23,2,,,34,20,382,129,6,98,64,523,232,,66,,198,121
"TIEBISSOU",5,2019,,86,19,5,276,128,56,24,2,,,83,23,333,91,19,188,81,591,539,,100,,227,476
"TIEBISSOU",6,2019,,25,6,2,220,90,31,20,2,,,26,8,319,85,17,121,44,477,501,,75,,192,419
"TIEBISSOU",7,2019,75,9,18,5,392,109,41,17,2,,,12,14,420,178,14,122,33,641,322,,105,,264,169
"TIEBISSOU",8,2019,3,35,4,2,255,110,31,26,,,5,49,28,302,79,23,129,34,479,264,,116,,270,206
"TIEBISSOU",9,2019,1,31,8,3,701,123,50,23,,,,39,11,387,89,7,123,48,553,171,,117,,229,97
"TOUBA",1,2019,691,44,,,1952,78,559,3,9,2,,18,,94,5,,30,10,114,34,,140,,274,6161
"TOUBA",2,2019,715,55,,,1929,77,560,6,11,,,22,,81,90,,48,,132,1703,,145,,292,8543
"TOUBA",3,2019,745,68,,,1974,88,564,6,11,,,28,,74,85,,44,,120,7,,153,,281,8459
"TOUBA",4,2019,778,54,,,1985,98,566,6,11,,,26,,107,340,,41,,256,910,,141,,363,3604
"TOUBA",5,2019,432,49,,,1980,108,573,8,,11,,18,,123,16,,64,,271,76,,161,,396,1584
"TOUBA",6,2019,475,34,,,2005,50,567,5,11,,,16,,84,14,,74,,294,54,,159,,489,1574
"TOUBA",7,2019,859,46,,,1996,125,582,15,11,1,,15,,117,16,,78,,254,92,,177,,413,1614
"TOUBA",8,2019,861,51,,,1926,116,584,5,,12,,14,,84,7,,49,,220,76,,166,,380,831
"TOUBA",9,2019,870,89,,,1969,104,593,2,,,,13,,103,16,,56,,246,76,,170,,384,734
"TOULEUPLEU",1,2019,,19,3,2,56,38,5,5,,,,28,,78,13,,35,,106,22,,15,,100,16
"TOULEUPLEU",2,2019,,8,1,,53,17,2,5,,14,,22,,71,71,,34,,128,199,,24,,122,141
"TOULEUPLEU",3,2019,,17,8,,48,92,1,9,,,,17,8,77,4,,47,20,107,142,,31,,76,134
"TOULEUPLEU",4,2019,2,29,6,2,48,33,14,4,,,,30,22,80,153,,39,42,129,26,,34,,99,20
"TOULEUPLEU",5,2019,12,15,,1,82,21,4,1,2,,,21,1,80,11,,49,13,106,26,,32,,49,18
"TOULEUPLEU",6,2019,2,11,,,68,21,10,5,,4,,16,,70,23,,38,12,74,106,,36,,52,12
"TOULEUPLEU",7,2019,1,11,10,,70,23,5,,,,,16,,84,5,,19,11,101,18,,42,,53,18
"TOULEUPLEU",8,2019,1,18,,,93,22,3,2,,,,19,,86,110,,33,11,129,10,,35,,77,328
"TOULEUPLEU",9,2019,,22,,,74,41,6,2,,,,20,,87,7,,23,10,88,6,,27,,68,12
"TOUMODI",1,2019,2,51,30,4,539,177,214,48,,,,54,34,707,666,19,142,246,985,928,,145,,748,559
"TOUMODI",2,2019,1,67,4,,545,139,204,21,1,2,2,68,4,696,607,16,143,214,909,743,,139,,659,472
"TOUMODI",3,2019,3,46,4,1,554,174,210,26,,8,8,47,2,680,549,29,77,100,1418,848,,139,,1261,635
"TOUMODI",4,2019,43,154,16,5,547,137,241,32,,10,6,47,17,681,580,31,86,285,968,451,,127,,1557,486
"TOUMODI",5,2019,2,35,58,24,558,120,194,31,1,11,11,37,86,606,612,28,70,264,1068,741,,119,,2046,520
"TOUMODI",6,2019,3,119,79,27,473,184,159,31,,18,10,71,106,692,504,27,124,338,961,596,,83,,1750,519
"TOUMODI",7,2019,1,34,123,48,519,108,251,28,,8,8,35,173,610,637,27,181,422,745,647,,216,,2388,443
"TOUMODI",8,2019,6,50,82,22,557,113,177,32,,6,6,50,104,621,564,40,80,302,901,776,,224,,1644,591
"TOUMODI",9,2019,108,54,48,19,501,126,195,15,,10,10,54,64,653,561,42,89,185,1098,697,,346,,2970,524
"TRANSUA",1,2019,,3,84,11,318,60,94,11,,,,3,4,197,30,,,4,152,60,,7,,122,97
"TRANSUA",2,2019,,1,88,22,268,47,83,12,,,,1,8,154,27,,3,30,149,58,,2,,94,49
"TRANSUA",3,2019,,5,75,22,299,65,100,15,,,,5,20,181,49,,,120,232,125,,6,,194,84
"TRANSUA",4,2019,,3,104,6,335,77,107,22,,,19,11,19,161,48,20,7,185,185,71,,4,,139,40
"TRANSUA",5,2019,8,9,110,6,351,57,102,6,5,1,,9,46,204,34,,5,63,201,87,,2,,106,66
"TRANSUA",6,2019,7,24,98,14,373,81,110,29,,,,,40,119,36,,2,46,192,67,,4,,125,57
"TRANSUA",7,2019,1,3,97,9,294,36,107,6,,,,1,33,143,33,,,33,126,150,,3,,55,54
"TRANSUA",8,2019,,3,102,5,313,49,108,6,,,,3,35,151,32,,7,28,204,180,,8,,133,187
"TRANSUA",9,2019,,2,93,17,334,61,106,6,,,,3,30,166,23,,5,53,132,157,,6,,105,176
"TREICHVILLE-MARCORY",1,2019,88,47,6,,917,118,434,25,51,8,52,92,6,628,1040,123,785,90,1402,4899,,836,,2690,5918
"TREICHVILLE-MARCORY",2,2019,55,42,18,3,843,98,489,25,27,9,38,108,10,890,1487,133,203,,947,2803,,533,,1623,2914
"TREICHVILLE-MARCORY",3,2019,46,41,34,10,825,121,358,21,45,5,50,62,128,837,1072,62,147,25,1795,1837,,467,,1569,1731
"TREICHVILLE-MARCORY",4,2019,56,132,71,9,838,128,506,16,43,9,44,184,93,887,1219,81,272,1300,1599,2956,,424,,1870,2457
"TREICHVILLE-MARCORY",5,2019,28,37,96,5,666,91,682,16,40,12,48,71,123,685,1305,27,106,694,1102,2109,,356,,1484,1411
"TREICHVILLE-MARCORY",6,2019,40,37,143,14,750,85,263,15,44,11,54,78,129,694,561,364,369,1084,2163,1304,,3,,1511,787
"TREICHVILLE-MARCORY",7,2019,90,143,137,9,753,163,389,47,55,5,59,163,146,814,1366,93,263,737,1524,2532,,363,,2259,4369
"TREICHVILLE-MARCORY",8,2019,71,106,128,11,644,134,406,23,34,8,124,119,140,622,1362,70,144,566,1188,302,,279,,2078,3186
"TREICHVILLE-MARCORY",9,2019,79,65,128,6,691,140,525,28,32,2,40,94,156,685,890,94,300,826,1833,3249,,387,,1775,5487
"VAVOUA",1,2019,4,188,9,55,421,273,12,26,1,3,,115,60,502,53,5,118,21,346,89,,99,,347,109
"VAVOUA",2,2019,1,216,3,1,389,287,26,32,,10,10,203,4,614,90,25,159,7,524,112,,169,,452,86
"VAVOUA",3,2019,1,171,5,2,326,165,13,23,,2,2,132,7,415,110,5,190,5,274,129,,138,,212,374
"VAVOUA",4,2019,1,149,,6,421,236,9,21,,,,131,5,565,37,,175,15,310,62,,218,,247,374
"VAVOUA",5,2019,7,128,3,2,442,202,4,10,,1,1,118,1,529,22,,153,20,395,36,,161,,157,352
"VAVOUA",6,2019,324,127,5,4,387,193,31,26,2,,,112,9,454,91,10,191,46,515,96,,156,,223,53
"VAVOUA",7,2019,1,131,3,3,466,158,8,6,,2,2,124,14,566,12,20,230,37,558,98,,210,,258,94
"VAVOUA",8,2019,6,84,4,3,494,127,11,4,,3,3,85,12,472,63,35,175,16,387,69,,200,,102,256
"VAVOUA",9,2019,4,90,2,1,421,145,8,7,,9,1,100,3,472,40,10,197,19,676,253,,240,,328,183
"YAKASSE-ATTOBROU",1,2019,5,33,1,1,110,30,9,4,,,,18,2,85,14,,18,2,98,18,,1,,13,6
"YAKASSE-ATTOBROU",2,2019,8,21,3,,118,26,7,4,,,,8,,112,7,,7,,49,3,,,,1,
"YAKASSE-ATTOBROU",3,2019,6,21,2,,114,41,2,10,,,,13,,65,9,,13,,65,9,,,,,
"YAKASSE-ATTOBROU",4,2019,6,11,1,,128,35,4,6,,,,9,1,92,11,,15,1,113,11,,6,,21,
"YAKASSE-ATTOBROU",5,2019,3,21,,,134,30,9,2,,1,1,11,,103,12,1,14,,131,12,,3,,47,
"YAKASSE-ATTOBROU",6,2019,5,15,,,130,22,2,1,,,,,,6,,,3,,7,,,,,1,
"YAKASSE-ATTOBROU",7,2019,5,24,1,5,151,33,8,2,,,,,,,,,,,,,,,,,
"YAKASSE-ATTOBROU",8,2019,3,18,1,2,125,19,8,2,,,,,,,,,,,,,,,,,
"YAKASSE-ATTOBROU",9,2019,4,16,3,2,144,24,4,1,,,,,,,,,,,,,,,,,
"YAMOUSSOUKRO",1,2019,483,97,47,4,1021,189,346,34,2,8,17,130,17,1063,1018,49,297,38,1591,1246,,514,,797,1717
"YAMOUSSOUKRO",2,2019,483,279,41,13,948,189,300,163,5,18,27,208,10,1008,1025,52,221,22,1285,1654,,548,,949,2326
"YAMOUSSOUKRO",3,2019,602,513,42,,1021,312,380,83,5,4,18,713,1,1255,1089,131,841,21,1657,1231,,683,,1101,3351
"YAMOUSSOUKRO",4,2019,644,378,81,3,1031,312,351,52,3,20,42,499,40,1262,1052,100,689,77,1741,1731,,604,,1017,2609
"YAMOUSSOUKRO",5,2019,370,144,70,10,1011,168,400,59,13,4,32,148,42,1042,1011,75,431,233,1681,2362,,555,,1036,3011
"YAMOUSSOUKRO",6,2019,711,71,110,11,1016,152,386,31,19,1,23,153,55,1012,997,88,380,325,1535,4309,,308,,947,2469
"YAMOUSSOUKRO",7,2019,802,60,85,15,970,140,320,51,21,2,5,89,56,1023,958,80,358,228,1768,1768,,852,,1287,2463
"YAMOUSSOUKRO",8,2019,529,124,92,23,860,223,287,67,14,6,4,96,63,930,907,81,322,285,1656,2068,,788,,1287,2782
"YAMOUSSOUKRO",9,2019,471,204,51,11,1064,217,311,81,15,6,7,199,67,1084,1033,91,489,369,2164,2024,,726,,1452,72396
"YOPOUGON-EST",1,2019,18,230,66,43,572,155,136,50,,4,4,308,80,516,286,22,374,228,789,907,,127,,630,848
"YOPOUGON-EST",2,2019,14,86,55,,593,170,119,33,,4,126,181,24,582,254,14,159,177,369,338,,97,,456,751
"YOPOUGON-EST",3,2019,11,234,71,24,698,175,213,55,,7,5,243,74,563,312,17,230,388,335,249,,161,,294,539
"YOPOUGON-EST",4,2019,32,258,82,29,733,206,130,28,,10,8,285,64,649,194,19,274,313,506,524,,193,,318,550
"YOPOUGON-EST",5,2019,26,155,106,55,623,272,195,23,2,6,8,179,125,691,302,13,141,209,276,175,,79,,533,476
"YOPOUGON-EST",6,2019,15,148,102,34,709,192,227,46,,2,2,147,153,603,195,16,242,129,318,474,,82,,359,418
"YOPOUGON-EST",7,2019,19,197,131,26,794,179,188,30,,2,1,145,161,386,273,16,156,213,606,374,,54,,331,838
"YOPOUGON-EST",8,2019,15,112,71,9,683,200,125,16,,2,7,121,93,665,315,17,275,161,548,373,,178,,267,569
"YOPOUGON-EST",9,2019,7,218,73,23,589,230,134,19,,3,3,223,121,589,296,16,373,246,880,174,,279,,767,457
"YOPOUGON-OUEST SONGON",1,2019,36,285,64,66,1937,368,508,73,16,23,27,278,115,1454,1090,92,1054,103,2120,3255,,890,,903,4703
"YOPOUGON-OUEST SONGON",2,2019,17,106,24,10,642,178,121,26,,1,410,70,23,234,894,4,55,10,248,115,,99,,220,1042
"YOPOUGON-OUEST SONGON",3,2019,4,214,16,3,733,282,94,32,,,7,155,13,346,461,8,284,300,453,3604,,171,,349,4240
"YOPOUGON-OUEST SONGON",4,2019,227,194,67,12,740,218,111,19,1,,1,157,30,363,465,1,208,345,534,186,,240,,509,3343
"YOPOUGON-OUEST SONGON",5,2019,15,142,46,15,722,92,102,19,1,1,1,109,51,298,533,1,196,100,363,160,,385,,529,2898
"YOPOUGON-OUEST SONGON",6,2019,77,308,62,29,607,174,70,27,,,,150,88,204,519,3,150,60,532,160,,128,,501,2475
"YOPOUGON-OUEST SONGON",7,2019,32,334,86,32,786,285,101,65,,10,11,204,51,592,1167,40,196,209,643,360,,168,,303,3385
"YOPOUGON-OUEST SONGON",8,2019,33,90,71,3,642,101,67,16,,,1,70,88,290,442,41,212,197,513,256,,274,,492,1936
"YOPOUGON-OUEST SONGON",9,2019,66,430,54,33,744,200,95,46,3,9,2,220,80,348,821,1,167,17,379,124,,265,,516,1641
"ZOUAN-HOUNIEN",1,2019,217,48,9,3,409,119,17,7,13,1,5,36,4,244,11,2,86,,262,12,,92,,159,21
"ZOUAN-HOUNIEN",2,2019,228,39,63,,693,130,39,6,14,1,1,33,2,217,13,5,88,50,494,20,,109,,488,32
"ZOUAN-HOUNIEN",3,2019,245,43,15,3,457,145,24,14,15,2,23,30,6,209,11,,60,10,275,10,,100,,405,22
"ZOUAN-HOUNIEN",4,2019,233,29,20,12,462,130,26,7,17,2,2,28,18,263,18,,33,40,251,40,,85,,374,40
"ZOUAN-HOUNIEN",5,2019,314,36,27,11,542,123,27,8,20,,,23,18,176,17,,27,20,189,20,,64,,252,38
"ZOUAN-HOUNIEN",6,2019,257,32,76,26,927,127,33,6,19,1,2,30,12,200,10,,34,13,211,30,,61,,240,44
"ZOUAN-HOUNIEN",7,2019,344,30,38,6,628,99,40,11,29,2,,32,18,249,27,10,43,20,261,10,,71,,301,38
"ZOUAN-HOUNIEN",8,2019,238,23,23,8,537,112,27,4,20,3,1,19,5,205,11,8,35,14,172,40,,74,,185,61
"ZOUAN-HOUNIEN",9,2019,386,15,109,9,885,78,32,1,21,,,11,14,205,22,5,13,24,328,39,,42,,296,26
"ZOUKOUGBEU",1,2019,11,43,,1,149,59,4,2,,,,54,,211,28,,52,27,234,53,,77,,148,71
"ZOUKOUGBEU",2,2019,75,121,1,1,110,51,2,4,,,,65,2,143,24,,80,24,241,42,,72,,239,89
"ZOUKOUGBEU",3,2019,3,264,,,132,107,4,6,,,,60,,112,93,,94,,130,7,,101,,180,69
"ZOUKOUGBEU",4,2019,76,89,1,,90,39,8,1,,,,90,,134,54,10,107,10,237,69,,167,,197,75
"ZOUKOUGBEU",5,2019,7,203,,,84,83,6,6,,4,,29,1,108,38,1,34,10,148,64,,116,,175,73
"ZOUKOUGBEU",6,2019,4,105,,,126,51,3,11,,,,102,,179,47,,15,44,173,42,,35,,154,54
"ZOUKOUGBEU",7,2019,30,222,10,1,86,48,9,5,2,1,2,173,11,117,48,2,170,9,203,59,,77,,154,52
"ZOUKOUGBEU",8,2019,8,14,3,,85,21,,,1,,1,23,3,100,17,1,38,,330,93,,97,,381,108
"ZOUKOUGBEU",9,2019,4,28,5,,91,28,6,,,,,44,5,126,57,,13,,100,42,,74,,333,78
"ZUENOULA",1,2019,43,107,6,6,366,150,44,9,,5,10,116,17,433,83,18,144,29,466,961,,114,,174,121
"ZUENOULA",2,2019,43,87,11,2,383,152,42,42,,4,,89,,383,110,3,176,4,449,509,,154,,133,485
"ZUENOULA",3,2019,125,224,5,4,426,255,58,144,,,,180,4,332,67,3,223,2,553,523,,159,,340,197
"ZUENOULA",4,2019,62,106,9,,341,127,145,11,2,2,2,119,3,343,57,3,261,17,340,520,,206,,257,571
"ZUENOULA",5,2019,25,111,14,2,364,116,92,18,,1,,125,12,399,333,1,154,18,468,741,,201,,324,505
"ZUENOULA",6,2019,9,95,20,7,228,108,47,10,,,,99,28,307,385,,128,32,332,496,,65,,276,183
"ZUENOULA",7,2019,1,101,9,4,268,88,59,19,,,1,93,13,339,365,,118,32,351,923,,147,,335,680
"ZUENOULA",8,2019,5,76,8,5,266,94,61,5,,1,1,81,14,347,129,,133,41,390,69,,177,,320,858
"ZUENOULA",9,2019,528,57,12,3,205,103,55,13,,,,64,8,309,63,,135,3,351,55,,192,,364,882
