"year","month","site_code","product_code","predicted_value"
2019,10,"C4001","AS27134",0
2019,10,"C4001","AS27132",0
2019,10,"C4001","AS27000",0
2019,10,"C4001","AS27137",0
2019,10,"C4001","AS27138",0
2019,10,"C4001","AS27133",0
2019,10,"C4023","AS27000",0
2019,10,"C4023","AS27133",0
2019,11,"C4023","AS27000",0
2019,11,"C4023","AS27133",0
2019,11,"C4001","AS27134",0
2019,11,"C4001","AS27132",0
2019,11,"C4001","AS27000",0
2019,11,"C4001","AS27137",0
2019,11,"C4001","AS27138",0
2019,11,"C4001","AS27133",0
2019,12,"C4001","AS27134",0
2019,12,"C4001","AS27132",0
2019,12,"C4001","AS27000",0
2019,12,"C4001","AS27137",0
2019,12,"C4001","AS27138",0
2019,12,"C4001","AS27133",0
2019,12,"C4023","AS27000",0
2019,12,"C4023","AS27133",0
2019,10,"C1080","AS42018",0
2019,10,"C1080","AS21126",0
2019,10,"C1080","AS27134",0
2019,10,"C1080","AS27132",0
2019,10,"C1080","AS27000",0
2019,10,"C1080","AS27137",0
2019,10,"C1080","AS27138",0
2019,10,"C1080","AS27133",0
2019,10,"C1063","AS21126",0
2019,10,"C1063","AS42018",0
2019,10,"C1063","AS46000",0
2019,10,"C1063","AS17005",0
2019,10,"C1063","AS27134",0
2019,10,"C1063","AS27132",0
2019,10,"C1063","AS27000",0
2019,10,"C1063","AS27139",0
2019,10,"C1063","AS27137",0
2019,10,"C1063","AS27138",0
2019,10,"C1063","AS27133",0
2019,10,"C1010","AS27134",0
2019,10,"C1010","AS27132",0
2019,10,"C1010","AS27000",0
2019,10,"C1010","AS27137",0
2019,10,"C1010","AS27138",0
2019,10,"C1010","AS27133",0
2019,10,"C1066","AS27134",0
2019,10,"C1066","AS27132",0
2019,10,"C1066","AS27000",0
2019,10,"C1066","AS27137",0
2019,10,"C1066","AS27138",0
2019,10,"C1066","AS27133",0
2019,10,"C1026","AS27134",0
2019,10,"C1026","AS27132",0
2019,10,"C1026","AS27000",0
2019,10,"C1026","AS27137",0
2019,10,"C1026","AS27138",0
2019,10,"C1026","AS27133",0
2019,10,"C1011","AS21126",0
2019,10,"C1011","AS46000",0
2019,10,"C1011","AS27134",0
2019,10,"C1011","AS27132",0
2019,10,"C1011","AS27000",0
2019,10,"C1011","AS27139",0
2019,10,"C1011","AS27137",0
2019,10,"C1011","AS27138",0
2019,10,"C1011","AS27133",0
2019,11,"C1080","AS21126",0
2019,11,"C1080","AS42018",0
2019,11,"C1080","AS27134",0
2019,11,"C1080","AS27132",0
2019,11,"C1080","AS27000",0
2019,11,"C1080","AS27137",0
2019,11,"C1080","AS27138",0
2019,11,"C1080","AS27133",0
2019,11,"C1026","AS27134",0
2019,11,"C1026","AS27132",0
2019,11,"C1026","AS27000",0
2019,11,"C1026","AS27137",0
2019,11,"C1026","AS27138",0
2019,11,"C1026","AS27133",0
2019,11,"C1066","AS27134",0
2019,11,"C1066","AS27132",0
2019,11,"C1066","AS27000",0
2019,11,"C1066","AS27137",0
2019,11,"C1066","AS27138",0
2019,11,"C1066","AS27133",0
2019,11,"C1010","AS27134",0
2019,11,"C1010","AS27132",0
2019,11,"C1010","AS27000",0
2019,11,"C1010","AS27137",0
2019,11,"C1010","AS27138",0
2019,11,"C1010","AS27133",0
2019,11,"C1011","AS21126",0
2019,11,"C1011","AS46000",0
2019,11,"C1011","AS27134",0
2019,11,"C1011","AS27132",0
2019,11,"C1011","AS27000",0
2019,11,"C1011","AS27139",0
2019,11,"C1011","AS27137",0
2019,11,"C1011","AS27138",0
2019,11,"C1011","AS27133",0
2019,11,"C1063","AS42018",0
2019,11,"C1063","AS21126",0
2019,11,"C1063","AS46000",0
2019,11,"C1063","AS17005",0
2019,11,"C1063","AS27134",0
2019,11,"C1063","AS27132",0
2019,11,"C1063","AS27000",0
2019,11,"C1063","AS27139",0
2019,11,"C1063","AS27137",0
2019,11,"C1063","AS27138",0
2019,11,"C1063","AS27133",0
2019,12,"C1080","AS21126",0
2019,12,"C1080","AS42018",0
2019,12,"C1080","AS27134",0
2019,12,"C1080","AS27132",0
2019,12,"C1080","AS27000",0
2019,12,"C1080","AS27137",0
2019,12,"C1080","AS27138",0
2019,12,"C1080","AS27133",0
2019,12,"C1026","AS27134",0
2019,12,"C1026","AS27132",0
2019,12,"C1026","AS27000",0
2019,12,"C1026","AS27137",0
2019,12,"C1026","AS27138",0
2019,12,"C1026","AS27133",0
2019,12,"C1010","AS27134",0
2019,12,"C1010","AS27132",0
2019,12,"C1010","AS27000",0
2019,12,"C1010","AS27137",0
2019,12,"C1010","AS27138",0
2019,12,"C1010","AS27133",0
2019,12,"C1066","AS27134",0
2019,12,"C1066","AS27132",0
2019,12,"C1066","AS27000",0
2019,12,"C1066","AS27137",0
2019,12,"C1066","AS27138",0
2019,12,"C1066","AS27133",0
2019,12,"C1011","AS21126",0
2019,12,"C1011","AS46000",0
2019,12,"C1011","AS27134",0
2019,12,"C1011","AS27132",0
2019,12,"C1011","AS27000",0
2019,12,"C1011","AS27139",0
2019,12,"C1011","AS27137",0
2019,12,"C1011","AS27138",0
2019,12,"C1011","AS27133",0
2019,12,"C1063","AS42018",0
2019,12,"C1063","AS21126",0
2019,12,"C1063","AS46000",0
2019,12,"C1063","AS17005",0
2019,12,"C1063","AS27134",0
2019,12,"C1063","AS27132",0
2019,12,"C1063","AS27000",0
2019,12,"C1063","AS27139",0
2019,12,"C1063","AS27137",0
2019,12,"C1063","AS27138",0
2019,12,"C1063","AS27133",0
2019,10,"C1008","AS42018",0
2019,10,"C1008","AS27134",0
2019,10,"C1008","AS27000",0
2019,10,"C1008","AS27137",0
2019,10,"C1008","AS27138",0
2019,10,"C1008","AS27133",0
2019,11,"C1008","AS42018",0
2019,11,"C1008","AS27134",0
2019,11,"C1008","AS27000",0
2019,11,"C1008","AS27137",0
2019,11,"C1008","AS27138",0
2019,11,"C1008","AS27133",0
2019,12,"C1008","AS42018",0
2019,12,"C1008","AS27134",0
2019,12,"C1008","AS27000",0
2019,12,"C1008","AS27137",0
2019,12,"C1008","AS27138",0
2019,12,"C1008","AS27133",0
2019,10,"C1679","AS46000",0
2019,10,"C1679","AS27000",0
2019,10,"C1679","AS27139",0
2019,10,"C1679","AS27138",0
2019,10,"C1679","AS27133",0
2019,10,"C1082","AS21126",0
2019,10,"C1082","AS27134",0
2019,10,"C1082","AS27132",0
2019,10,"C1082","AS27000",0
2019,10,"C1082","AS27137",0
2019,10,"C1082","AS27138",0
2019,10,"C1082","AS27133",0
2019,11,"C1679","AS46000",0
2019,11,"C1679","AS27000",0
2019,11,"C1679","AS27139",0
2019,11,"C1679","AS27138",0
2019,11,"C1679","AS27133",0
2019,11,"C1082","AS21126",0
2019,11,"C1082","AS27134",0
2019,11,"C1082","AS27132",0
2019,11,"C1082","AS27000",0
2019,11,"C1082","AS27137",0
2019,11,"C1082","AS27138",0
2019,11,"C1082","AS27133",0
2019,12,"C1082","AS21126",0
2019,12,"C1082","AS27134",0
2019,12,"C1082","AS27132",0
2019,12,"C1082","AS27000",0
2019,12,"C1082","AS27137",0
2019,12,"C1082","AS27138",0
2019,12,"C1082","AS27133",0
2019,12,"C1679","AS46000",0
2019,12,"C1679","AS27000",0
2019,12,"C1679","AS27139",0
2019,12,"C1679","AS27138",0
2019,12,"C1679","AS27133",0
2019,10,"C1413","AS21126",0
2019,10,"C1413","AS27134",0
2019,10,"C1413","AS27132",0
2019,10,"C1413","AS27000",0
2019,10,"C1413","AS27138",0
2019,10,"C1413","AS27133",0
2019,10,"C1054","AS21126",0
2019,10,"C1054","AS27134",0
2019,10,"C1054","AS27132",0
2019,10,"C1054","AS27000",0
2019,10,"C1054","AS27137",0
2019,10,"C1054","AS27138",0
2019,10,"C1054","AS27133",0
2019,10,"C1014","AS42018",0
2019,10,"C1014","AS21126",0
2019,10,"C1014","AS46000",0
2019,10,"C1014","AS17005",0
2019,10,"C1014","AS27134",0
2019,10,"C1014","AS27132",0
2019,10,"C1014","AS27000",0
2019,10,"C1014","AS27139",0
2019,10,"C1014","AS27137",0
2019,10,"C1014","AS27138",0
2019,10,"C1014","AS27133",0
2019,10,"C1059","AS27134",0
2019,10,"C1059","AS27132",0
2019,10,"C1059","AS27000",0
2019,10,"C1059","AS27137",0
2019,10,"C1059","AS27138",0
2019,10,"C1059","AS27133",0
2019,10,"C1051","AS27134",0
2019,10,"C1051","AS27132",0
2019,10,"C1051","AS27000",0
2019,10,"C1051","AS27137",0
2019,10,"C1051","AS27138",0
2019,10,"C1051","AS27133",0
2019,10,"C1106","AS21126",0
2019,10,"C1106","AS27134",0
2019,10,"C1106","AS27132",0
2019,10,"C1106","AS27000",0
2019,10,"C1106","AS27138",0
2019,10,"C1106","AS27133",0
2019,10,"C1681","AS21126",0
2019,10,"C1681","AS17005",0
2019,10,"C1681","AS27134",0
2019,10,"C1681","AS27132",0
2019,10,"C1681","AS27000",0
2019,10,"C1681","AS27137",0
2019,10,"C1681","AS27138",0
2019,10,"C1681","AS27133",0
2019,10,"C1062","AS21126",0
2019,10,"C1062","AS27134",0
2019,10,"C1062","AS27132",0
2019,10,"C1062","AS27000",0
2019,10,"C1062","AS27139",0
2019,10,"C1062","AS27137",0
2019,10,"C1062","AS27138",0
2019,10,"C1062","AS27133",0
2019,10,"C1034","AS27134",0
2019,10,"C1034","AS27132",0
2019,10,"C1034","AS27000",0
2019,10,"C1034","AS27138",0
2019,10,"C1034","AS27133",0
2019,11,"C1106","AS21126",0
2019,11,"C1106","AS27134",0
2019,11,"C1106","AS27132",0
2019,11,"C1106","AS27000",0
2019,11,"C1106","AS27138",0
2019,11,"C1106","AS27133",0
2019,11,"C1681","AS21126",0
2019,11,"C1681","AS46000",0
2019,11,"C1681","AS17005",0
2019,11,"C1681","AS27134",0
2019,11,"C1681","AS27132",0
2019,11,"C1681","AS27000",0
2019,11,"C1681","AS27137",0
2019,11,"C1681","AS27138",0
2019,11,"C1681","AS27133",0
2019,11,"C1062","AS21126",0
2019,11,"C1062","AS27134",0
2019,11,"C1062","AS27132",0
2019,11,"C1062","AS27000",0
2019,11,"C1062","AS27139",0
2019,11,"C1062","AS27137",0
2019,11,"C1062","AS27138",0
2019,11,"C1062","AS27133",0
2019,11,"C1034","AS27134",0
2019,11,"C1034","AS27132",0
2019,11,"C1034","AS27000",0
2019,11,"C1034","AS27138",0
2019,11,"C1034","AS27133",0
2019,11,"C1413","AS21126",0
2019,11,"C1413","AS27134",0
2019,11,"C1413","AS27132",0
2019,11,"C1413","AS27000",0
2019,11,"C1413","AS27138",0
2019,11,"C1413","AS27133",0
2019,11,"C1014","AS21126",0
2019,11,"C1014","AS42018",0
2019,11,"C1014","AS46000",0
2019,11,"C1014","AS17005",0
2019,11,"C1014","AS27134",0
2019,11,"C1014","AS27132",0
2019,11,"C1014","AS27000",0
2019,11,"C1014","AS27139",0
2019,11,"C1014","AS27137",0
2019,11,"C1014","AS27138",0
2019,11,"C1014","AS27133",0
2019,11,"C1059","AS27134",0
2019,11,"C1059","AS27132",0
2019,11,"C1059","AS27000",0
2019,11,"C1059","AS27137",0
2019,11,"C1059","AS27138",0
2019,11,"C1059","AS27133",0
2019,11,"C1051","AS27134",0
2019,11,"C1051","AS27132",0
2019,11,"C1051","AS27000",0
2019,11,"C1051","AS27137",0
2019,11,"C1051","AS27138",0
2019,11,"C1051","AS27133",0
2019,11,"C1054","AS21126",0
2019,11,"C1054","AS27134",0
2019,11,"C1054","AS27132",0
2019,11,"C1054","AS27000",0
2019,11,"C1054","AS27137",0
2019,11,"C1054","AS27138",0
2019,11,"C1054","AS27133",0
2019,12,"C1034","AS27134",0
2019,12,"C1034","AS27132",0
2019,12,"C1034","AS27000",0
2019,12,"C1034","AS27138",0
2019,12,"C1034","AS27133",0
2019,12,"C1059","AS27134",0
2019,12,"C1059","AS27132",0
2019,12,"C1059","AS27000",0
2019,12,"C1059","AS27137",0
2019,12,"C1059","AS27138",0
2019,12,"C1059","AS27133",0
2019,12,"C1051","AS27134",0
2019,12,"C1051","AS27132",0
2019,12,"C1051","AS27000",0
2019,12,"C1051","AS27137",0
2019,12,"C1051","AS27138",0
2019,12,"C1051","AS27133",0
2019,12,"C1413","AS21126",0
2019,12,"C1413","AS27134",0
2019,12,"C1413","AS27132",0
2019,12,"C1413","AS27000",0
2019,12,"C1413","AS27138",0
2019,12,"C1413","AS27133",0
2019,12,"C1054","AS21126",0
2019,12,"C1054","AS27134",0
2019,12,"C1054","AS27132",0
2019,12,"C1054","AS27000",0
2019,12,"C1054","AS27137",0
2019,12,"C1054","AS27138",0
2019,12,"C1054","AS27133",0
2019,12,"C1014","AS42018",0
2019,12,"C1014","AS21126",0
2019,12,"C1014","AS46000",0
2019,12,"C1014","AS17005",0
2019,12,"C1014","AS27134",0
2019,12,"C1014","AS27132",0
2019,12,"C1014","AS27000",0
2019,12,"C1014","AS27139",0
2019,12,"C1014","AS27137",0
2019,12,"C1014","AS27138",0
2019,12,"C1014","AS27133",0
2019,12,"C1106","AS21126",0
2019,12,"C1106","AS27134",0
2019,12,"C1106","AS27132",0
2019,12,"C1106","AS27000",0
2019,12,"C1106","AS27138",0
2019,12,"C1106","AS27133",0
2019,12,"C1062","AS27134",0
2019,12,"C1062","AS27132",0
2019,12,"C1062","AS27000",0
2019,12,"C1062","AS27139",0
2019,12,"C1062","AS27137",0
2019,12,"C1062","AS27138",0
2019,12,"C1062","AS27133",0
2019,12,"C1062","AS21126",0
2019,12,"C1681","AS21126",0
2019,12,"C1681","AS46000",0
2019,12,"C1681","AS17005",0
2019,12,"C1681","AS27134",0
2019,12,"C1681","AS27132",0
2019,12,"C1681","AS27000",0
2019,12,"C1681","AS27137",0
2019,12,"C1681","AS27138",0
2019,12,"C1681","AS27133",0
2019,10,"C4037","AS21126",0
2019,10,"C4037","AS46000",0
2019,10,"C4037","AS27134",0
2019,10,"C4037","AS27132",0
2019,10,"C4037","AS27000",0
2019,10,"C4037","AS27137",0
2019,10,"C4037","AS27138",0
2019,10,"C4037","AS27133",0
2019,11,"C4037","AS21126",0
2019,11,"C4037","AS46000",0
2019,11,"C4037","AS27134",0
2019,11,"C4037","AS27132",0
2019,11,"C4037","AS27000",0
2019,11,"C4037","AS27137",0
2019,11,"C4037","AS27138",0
2019,11,"C4037","AS27133",0
2019,12,"C4037","AS21126",0
2019,12,"C4037","AS46000",0
2019,12,"C4037","AS27134",0
2019,12,"C4037","AS27132",0
2019,12,"C4037","AS27000",0
2019,12,"C4037","AS27137",0
2019,12,"C4037","AS27138",0
2019,12,"C4037","AS27133",0
2019,10,"C1004","AS21126",0
2019,10,"C1004","AS27134",0
2019,10,"C1004","AS27132",0
2019,10,"C1004","AS27000",0
2019,10,"C1004","AS27137",0
2019,10,"C1004","AS27138",0
2019,10,"C1004","AS27133",0
2019,11,"C1004","AS21126",0
2019,11,"C1004","AS27134",0
2019,11,"C1004","AS27132",0
2019,11,"C1004","AS27000",0
2019,11,"C1004","AS27137",0
2019,11,"C1004","AS27138",0
2019,11,"C1004","AS27133",0
2019,12,"C1004","AS21126",0
2019,12,"C1004","AS27134",0
2019,12,"C1004","AS27132",0
2019,12,"C1004","AS27000",0
2019,12,"C1004","AS27137",0
2019,12,"C1004","AS27138",0
2019,12,"C1004","AS27133",0
2019,10,"C4014","AS21126",0
2019,10,"C4014","AS27132",0
2019,10,"C4014","AS27000",0
2019,10,"C4014","AS27137",0
2019,11,"C4014","AS21126",0
2019,11,"C4014","AS27132",0
2019,11,"C4014","AS27000",0
2019,11,"C4014","AS27137",0
2019,12,"C4014","AS21126",0
2019,12,"C4014","AS27132",0
2019,12,"C4014","AS27000",0
2019,12,"C4014","AS27137",0
2019,10,"C4015","AS27134",0
2019,10,"C4015","AS27132",0
2019,10,"C4015","AS27000",0
2019,10,"C4015","AS27137",0
2019,10,"C4015","AS27138",0
2019,10,"C4015","AS27133",0
2019,10,"C4061","AS21126",0
2019,10,"C4061","AS27134",0
2019,10,"C4061","AS27132",0
2019,10,"C4061","AS27000",0
2019,10,"C4061","AS27137",0
2019,10,"C4061","AS27138",0
2019,10,"C4061","AS27133",0
2019,10,"C4038","AS42018",0
2019,10,"C4038","AS21126",0
2019,10,"C4038","AS27134",0
2019,10,"C4038","AS27132",0
2019,10,"C4038","AS27000",0
2019,10,"C4038","AS27139",0
2019,10,"C4038","AS27137",0
2019,10,"C4038","AS27138",0
2019,10,"C4038","AS27133",0
2019,11,"C4015","AS27134",0
2019,11,"C4015","AS27132",0
2019,11,"C4015","AS27000",0
2019,11,"C4015","AS27137",0
2019,11,"C4015","AS27138",0
2019,11,"C4015","AS27133",0
2019,11,"C4038","AS21126",0
2019,11,"C4038","AS42018",0
2019,11,"C4038","AS27134",0
2019,11,"C4038","AS27132",0
2019,11,"C4038","AS27000",0
2019,11,"C4038","AS27139",0
2019,11,"C4038","AS27137",0
2019,11,"C4038","AS27138",0
2019,11,"C4038","AS27133",0
2019,11,"C4061","AS21126",0
2019,11,"C4061","AS27134",0
2019,11,"C4061","AS27132",0
2019,11,"C4061","AS27000",0
2019,11,"C4061","AS27137",0
2019,11,"C4061","AS27138",0
2019,11,"C4061","AS27133",0
2019,12,"C4061","AS21126",0
2019,12,"C4061","AS27134",0
2019,12,"C4061","AS27132",0
2019,12,"C4061","AS27000",0
2019,12,"C4061","AS27137",0
2019,12,"C4061","AS27138",0
2019,12,"C4061","AS27133",0
2019,12,"C4015","AS27134",0
2019,12,"C4015","AS27132",0
2019,12,"C4015","AS27000",0
2019,12,"C4015","AS27137",0
2019,12,"C4015","AS27138",0
2019,12,"C4015","AS27133",0
2019,12,"C4038","AS42018",0
2019,12,"C4038","AS21126",0
2019,12,"C4038","AS27134",0
2019,12,"C4038","AS27132",0
2019,12,"C4038","AS27000",0
2019,12,"C4038","AS27139",0
2019,12,"C4038","AS27137",0
2019,12,"C4038","AS27138",0
2019,12,"C4038","AS27133",0
2019,10,"C1093","AS46000",0
2019,10,"C1093","AS27000",0
2019,10,"C1093","AS27139",0
2019,10,"C1093","AS27133",0
2019,10,"C1083","AS46000",0
2019,10,"C1083","AS27000",0
2019,10,"C1083","AS27138",0
2019,10,"C1083","AS27133",0
2019,11,"C1093","AS46000",0
2019,11,"C1093","AS27000",0
2019,11,"C1093","AS27139",0
2019,11,"C1093","AS27133",0
2019,11,"C1083","AS46000",0
2019,11,"C1083","AS27000",0
2019,11,"C1083","AS27138",0
2019,11,"C1083","AS27133",0
2019,12,"C1093","AS46000",0
2019,12,"C1093","AS27000",0
2019,12,"C1093","AS27139",0
2019,12,"C1093","AS27133",0
2019,12,"C1083","AS46000",0
2019,12,"C1083","AS27000",0
2019,12,"C1083","AS27137",0
2019,12,"C1083","AS27138",0
2019,12,"C1083","AS27133",0
2019,10,"C1084","AS21126",0
2019,10,"C1084","AS17005",0
2019,10,"C1084","AS27134",0
2019,10,"C1084","AS27132",0
2019,10,"C1084","AS27000",0
2019,10,"C1084","AS27137",0
2019,10,"C1084","AS27138",0
2019,10,"C1084","AS27133",0
2019,11,"C1084","AS21126",0
2019,11,"C1084","AS17005",0
2019,11,"C1084","AS27134",0
2019,11,"C1084","AS27132",0
2019,11,"C1084","AS27000",0
2019,11,"C1084","AS27137",0
2019,11,"C1084","AS27138",0
2019,11,"C1084","AS27133",0
2019,12,"C1084","AS21126",0
2019,12,"C1084","AS17005",0
2019,12,"C1084","AS27134",0
2019,12,"C1084","AS27132",0
2019,12,"C1084","AS27000",0
2019,12,"C1084","AS27137",0
2019,12,"C1084","AS27138",0
2019,12,"C1084","AS27133",0
2019,10,"C5015","AS21126",0
2019,10,"C5015","AS46000",0
2019,10,"C5015","AS27000",0
2019,10,"C5015","AS27137",0
2019,10,"C5015","AS27138",0
2019,10,"C5015","AS27133",0
2019,11,"C5015","AS21126",0
2019,11,"C5015","AS46000",0
2019,11,"C5015","AS27000",0
2019,11,"C5015","AS27137",0
2019,11,"C5015","AS27138",0
2019,11,"C5015","AS27133",0
2019,12,"C5015","AS21126",0
2019,12,"C5015","AS46000",0
2019,12,"C5015","AS27000",0
2019,12,"C5015","AS27137",0
2019,12,"C5015","AS27138",0
2019,12,"C5015","AS27133",0
2019,10,"C2047","AS27000",0
2019,10,"C2047","AS27139",0
2019,10,"C2047","AS27137",0
2019,10,"C2047","AS27138",0
2019,10,"C2047","AS27133",0
2019,11,"C2047","AS27000",0
2019,11,"C2047","AS27139",0
2019,11,"C2047","AS27137",0
2019,11,"C2047","AS27138",0
2019,11,"C2047","AS27133",0
2019,12,"C2047","AS27000",0
2019,12,"C2047","AS27139",0
2019,12,"C2047","AS27137",0
2019,12,"C2047","AS27138",0
2019,12,"C2047","AS27133",0
2019,10,"C4056","AS21126",0
2019,10,"C4056","AS27134",0
2019,10,"C4056","AS27132",0
2019,10,"C4056","AS27000",0
2019,10,"C4056","AS27139",0
2019,10,"C4056","AS27137",0
2019,10,"C4056","AS27138",0
2019,10,"C4056","AS27133",0
2019,11,"C4056","AS21126",0
2019,11,"C4056","AS27134",0
2019,11,"C4056","AS27132",0
2019,11,"C4056","AS27000",0
2019,11,"C4056","AS27139",0
2019,11,"C4056","AS27137",0
2019,11,"C4056","AS27138",0
2019,11,"C4056","AS27133",0
2019,12,"C4056","AS21126",0
2019,12,"C4056","AS27134",0
2019,12,"C4056","AS27132",0
2019,12,"C4056","AS27000",0
2019,12,"C4056","AS27139",0
2019,12,"C4056","AS27137",0
2019,12,"C4056","AS27138",0
2019,12,"C4056","AS27133",0
2019,10,"C5016","AS27134",0
2019,10,"C5016","AS27000",0
2019,10,"C5016","AS27137",0
2019,10,"C5016","AS27138",0
2019,10,"C5016","AS27133",0
2019,11,"C5016","AS27134",0
2019,11,"C5016","AS27000",0
2019,11,"C5016","AS27137",0
2019,11,"C5016","AS27138",0
2019,11,"C5016","AS27133",0
2019,12,"C5016","AS27134",0
2019,12,"C5016","AS27000",0
2019,12,"C5016","AS27137",0
2019,12,"C5016","AS27138",0
2019,12,"C5016","AS27133",0
2019,10,"C5017","AS21126",0
2019,10,"C5017","AS46000",0
2019,10,"C5017","AS27132",0
2019,10,"C5017","AS27000",0
2019,10,"C5017","AS27137",0
2019,10,"C5017","AS27138",0
2019,10,"C5017","AS27133",0
2019,11,"C5017","AS21126",0
2019,11,"C5017","AS46000",0
2019,11,"C5017","AS27132",0
2019,11,"C5017","AS27000",0
2019,11,"C5017","AS27137",0
2019,11,"C5017","AS27138",0
2019,11,"C5017","AS27133",0
2019,12,"C5017","AS21126",0
2019,12,"C5017","AS46000",0
2019,12,"C5017","AS27132",0
2019,12,"C5017","AS27000",0
2019,12,"C5017","AS27137",0
2019,12,"C5017","AS27138",0
2019,12,"C5017","AS27133",0
2019,10,"C2049","AS21126",0
2019,10,"C2049","AS46000",0
2019,10,"C2049","AS27134",0
2019,10,"C2049","AS27132",0
2019,10,"C2049","AS27000",0
2019,10,"C2049","AS27139",0
2019,10,"C2049","AS27137",0
2019,10,"C2049","AS27138",0
2019,10,"C2049","AS27133",0
2019,11,"C2049","AS21126",0
2019,11,"C2049","AS46000",0
2019,11,"C2049","AS27134",0
2019,11,"C2049","AS27132",0
2019,11,"C2049","AS27000",0
2019,11,"C2049","AS27139",0
2019,11,"C2049","AS27137",0
2019,11,"C2049","AS27138",0
2019,11,"C2049","AS27133",0
2019,12,"C2049","AS21126",0
2019,12,"C2049","AS46000",0
2019,12,"C2049","AS27134",0
2019,12,"C2049","AS27132",0
2019,12,"C2049","AS27000",0
2019,12,"C2049","AS27139",0
2019,12,"C2049","AS27137",0
2019,12,"C2049","AS27138",0
2019,12,"C2049","AS27133",0
2019,10,"C4002","AS42018",0
2019,10,"C4002","AS27134",0
2019,10,"C4002","AS27132",0
2019,10,"C4002","AS27000",0
2019,10,"C4002","AS27137",0
2019,10,"C4002","AS27138",0
2019,10,"C4002","AS27133",0
2019,11,"C4002","AS42018",0
2019,11,"C4002","AS27134",0
2019,11,"C4002","AS27132",0
2019,11,"C4002","AS27000",0
2019,11,"C4002","AS27137",0
2019,11,"C4002","AS27138",0
2019,11,"C4002","AS27133",0
2019,12,"C4002","AS42018",0
2019,12,"C4002","AS27134",0
2019,12,"C4002","AS27132",0
2019,12,"C4002","AS27000",0
2019,12,"C4002","AS27137",0
2019,12,"C4002","AS27138",0
2019,12,"C4002","AS27133",0
2019,10,"C4017","AS46000",0
2019,10,"C4017","AS17005",0
2019,10,"C4017","AS27134",0
2019,10,"C4017","AS27132",0
2019,10,"C4017","AS27000",0
2019,10,"C4017","AS27139",0
2019,10,"C4017","AS27137",0
2019,10,"C4017","AS27138",0
2019,10,"C4017","AS27133",0
2019,10,"C4016","AS21126",0
2019,10,"C4016","AS27134",0
2019,10,"C4016","AS27000",0
2019,10,"C4016","AS27138",0
2019,10,"C4016","AS27133",0
2019,10,"C4054","AS21126",0
2019,10,"C4054","AS27133",0
2019,11,"C4054","AS21126",0
2019,11,"C4054","AS27133",0
2019,11,"C4016","AS21126",0
2019,11,"C4016","AS27134",0
2019,11,"C4016","AS27000",0
2019,11,"C4016","AS27138",0
2019,11,"C4016","AS27133",0
2019,11,"C4017","AS46000",0
2019,11,"C4017","AS17005",0
2019,11,"C4017","AS27134",0
2019,11,"C4017","AS27132",0
2019,11,"C4017","AS27000",0
2019,11,"C4017","AS27139",0
2019,11,"C4017","AS27137",0
2019,11,"C4017","AS27138",0
2019,11,"C4017","AS27133",0
2019,12,"C4016","AS21126",0
2019,12,"C4016","AS27134",0
2019,12,"C4016","AS27000",0
2019,12,"C4016","AS27138",0
2019,12,"C4016","AS27133",0
2019,12,"C4017","AS46000",0
2019,12,"C4017","AS27134",0
2019,12,"C4017","AS27132",0
2019,12,"C4017","AS27000",0
2019,12,"C4017","AS27139",0
2019,12,"C4017","AS27137",0
2019,12,"C4017","AS27138",0
2019,12,"C4017","AS27133",0
2019,12,"C4054","AS21126",0
2019,12,"C4054","AS27133",0
2019,10,"C2011","AS42018",0
2019,10,"C2011","AS46000",0
2019,10,"C2011","AS17005",0
2019,10,"C2011","AS27134",0
2019,10,"C2011","AS27000",0
2019,10,"C2011","AS27139",0
2019,10,"C2011","AS27137",0
2019,10,"C2011","AS27138",0
2019,10,"C2011","AS27133",0
2019,10,"C2002","AS42018",0
2019,10,"C2002","AS21126",0
2019,10,"C2002","AS27132",0
2019,10,"C2002","AS27000",0
2019,10,"C2002","AS27137",0
2019,10,"C2002","AS27138",0
2019,10,"C2002","AS27133",0
2019,11,"C2011","AS42018",0
2019,11,"C2011","AS46000",0
2019,11,"C2011","AS17005",0
2019,11,"C2011","AS27134",0
2019,11,"C2011","AS27000",0
2019,11,"C2011","AS27139",0
2019,11,"C2011","AS27137",0
2019,11,"C2011","AS27138",0
2019,11,"C2011","AS27133",0
2019,11,"C2002","AS21126",0
2019,11,"C2002","AS42018",0
2019,11,"C2002","AS27132",0
2019,11,"C2002","AS27000",0
2019,11,"C2002","AS27137",0
2019,11,"C2002","AS27138",0
2019,11,"C2002","AS27133",0
2019,12,"C2011","AS42018",0
2019,12,"C2011","AS46000",0
2019,12,"C2011","AS17005",0
2019,12,"C2011","AS27134",0
2019,12,"C2011","AS27000",0
2019,12,"C2011","AS27139",0
2019,12,"C2011","AS27137",0
2019,12,"C2011","AS27138",0
2019,12,"C2011","AS27133",0
2019,12,"C2002","AS42018",0
2019,12,"C2002","AS21126",0
2019,12,"C2002","AS27132",0
2019,12,"C2002","AS27000",0
2019,12,"C2002","AS27137",0
2019,12,"C2002","AS27138",0
2019,12,"C2002","AS27133",0
2019,10,"C2010","AS21126",0
2019,10,"C2010","AS42018",0
2019,10,"C2010","AS46000",0
2019,10,"C2010","AS17005",0
2019,10,"C2010","AS27134",0
2019,10,"C2010","AS27132",0
2019,10,"C2010","AS27000",0
2019,10,"C2010","AS27139",0
2019,10,"C2010","AS27137",0
2019,10,"C2010","AS27138",0
2019,10,"C2010","AS27133",0
2019,11,"C2010","AS21126",0
2019,11,"C2010","AS42018",0
2019,11,"C2010","AS46000",0
2019,11,"C2010","AS17005",0
2019,11,"C2010","AS27134",0
2019,11,"C2010","AS27132",0
2019,11,"C2010","AS27000",0
2019,11,"C2010","AS27139",0
2019,11,"C2010","AS27137",0
2019,11,"C2010","AS27138",0
2019,11,"C2010","AS27133",0
2019,12,"C2010","AS21126",0
2019,12,"C2010","AS42018",0
2019,12,"C2010","AS46000",0
2019,12,"C2010","AS17005",0
2019,12,"C2010","AS27134",0
2019,12,"C2010","AS27132",0
2019,12,"C2010","AS27000",0
2019,12,"C2010","AS27139",0
2019,12,"C2010","AS27137",0
2019,12,"C2010","AS27138",0
2019,12,"C2010","AS27133",0
2019,10,"C4018","AS21126",0
2019,10,"C4018","AS27134",0
2019,10,"C4018","AS27132",0
2019,10,"C4018","AS27000",0
2019,10,"C4018","AS27139",0
2019,10,"C4018","AS27138",0
2019,10,"C4018","AS27133",0
2019,11,"C4018","AS21126",0
2019,11,"C4018","AS27134",0
2019,11,"C4018","AS27132",0
2019,11,"C4018","AS27000",0
2019,11,"C4018","AS27139",0
2019,11,"C4018","AS27138",0
2019,11,"C4018","AS27133",0
2019,12,"C4018","AS21126",0
2019,12,"C4018","AS27134",0
2019,12,"C4018","AS27132",0
2019,12,"C4018","AS27000",0
2019,12,"C4018","AS27139",0
2019,12,"C4018","AS27138",0
2019,12,"C4018","AS27133",0
2019,10,"C3010","AS42018",0
2019,10,"C3010","AS27134",0
2019,10,"C3010","AS27132",0
2019,10,"C3010","AS27000",0
2019,10,"C3010","AS27137",0
2019,10,"C3010","AS27138",0
2019,10,"C3010","AS27133",0
2019,10,"C3014","AS27134",0
2019,10,"C3014","AS27000",0
2019,10,"C3014","AS27137",0
2019,10,"C3014","AS27138",0
2019,10,"C3014","AS27133",0
2019,10,"C3015","AS21126",0
2019,10,"C3015","AS27134",0
2019,10,"C3015","AS27132",0
2019,10,"C3015","AS27000",0
2019,10,"C3015","AS27137",0
2019,10,"C3015","AS27138",0
2019,10,"C3015","AS27133",0
2019,11,"C3015","AS21126",0
2019,11,"C3015","AS27134",0
2019,11,"C3015","AS27132",0
2019,11,"C3015","AS27000",0
2019,11,"C3015","AS27137",0
2019,11,"C3015","AS27138",0
2019,11,"C3015","AS27133",0
2019,11,"C3014","AS27134",0
2019,11,"C3014","AS27000",0
2019,11,"C3014","AS27137",0
2019,11,"C3014","AS27138",0
2019,11,"C3014","AS27133",0
2019,11,"C3010","AS42018",0
2019,11,"C3010","AS27134",0
2019,11,"C3010","AS27132",0
2019,11,"C3010","AS27000",0
2019,11,"C3010","AS27137",0
2019,11,"C3010","AS27138",0
2019,11,"C3010","AS27133",0
2019,12,"C3010","AS42018",0
2019,12,"C3010","AS27134",0
2019,12,"C3010","AS27132",0
2019,12,"C3010","AS27000",0
2019,12,"C3010","AS27137",0
2019,12,"C3010","AS27138",0
2019,12,"C3010","AS27133",0
2019,12,"C3014","AS27134",0
2019,12,"C3014","AS27000",0
2019,12,"C3014","AS27137",0
2019,12,"C3014","AS27138",0
2019,12,"C3014","AS27133",0
2019,12,"C3015","AS21126",0
2019,12,"C3015","AS27134",0
2019,12,"C3015","AS27132",0
2019,12,"C3015","AS27000",0
2019,12,"C3015","AS27137",0
2019,12,"C3015","AS27138",0
2019,12,"C3015","AS27133",0
2019,10,"C1399","AS27134",0
2019,10,"C1399","AS27132",0
2019,10,"C1399","AS27000",0
2019,10,"C1399","AS27137",0
2019,10,"C1399","AS27138",0
2019,10,"C1399","AS27133",0
2019,10,"C1056","AS21126",0
2019,10,"C1056","AS46000",0
2019,10,"C1056","AS27134",0
2019,10,"C1056","AS27132",0
2019,10,"C1056","AS27000",0
2019,10,"C1056","AS27137",0
2019,10,"C1056","AS27138",0
2019,10,"C1056","AS27133",0
2019,10,"C1055","AS42018",0
2019,10,"C1055","AS21126",0
2019,10,"C1055","AS46000",0
2019,10,"C1055","AS17005",0
2019,10,"C1055","AS27134",0
2019,10,"C1055","AS27132",0
2019,10,"C1055","AS27000",0
2019,10,"C1055","AS27139",0
2019,10,"C1055","AS27137",0
2019,10,"C1055","AS27138",0
2019,10,"C1055","AS27133",0
2019,10,"C1144","AS46000",0
2019,10,"C1144","AS27134",0
2019,10,"C1144","AS27132",0
2019,10,"C1144","AS27000",0
2019,10,"C1144","AS27138",0
2019,10,"C1144","AS27133",0
2019,10,"C1086","AS27134",0
2019,10,"C1086","AS27132",0
2019,10,"C1086","AS27000",0
2019,10,"C1086","AS27137",0
2019,10,"C1086","AS27138",0
2019,10,"C1086","AS27133",0
2019,10,"C1029","AS46000",0
2019,10,"C1029","AS27134",0
2019,10,"C1029","AS27132",0
2019,10,"C1029","AS27000",0
2019,10,"C1029","AS27139",0
2019,10,"C1029","AS27137",0
2019,10,"C1029","AS27138",0
2019,10,"C1029","AS27133",0
2019,10,"C1745","AS46000",0
2019,10,"C1745","AS27134",0
2019,10,"C1745","AS27132",0
2019,10,"C1745","AS27000",0
2019,10,"C1745","AS27137",0
2019,10,"C1745","AS27138",0
2019,10,"C1745","AS27133",0
2019,10,"C1018","AS42018",0
2019,10,"C1018","AS21126",0
2019,10,"C1018","AS46000",0
2019,10,"C1018","AS17005",0
2019,10,"C1018","AS27134",0
2019,10,"C1018","AS27132",0
2019,10,"C1018","AS27000",0
2019,10,"C1018","AS27139",0
2019,10,"C1018","AS27137",0
2019,10,"C1018","AS27138",0
2019,10,"C1018","AS27133",0
2019,11,"C1399","AS27134",0
2019,11,"C1399","AS27132",0
2019,11,"C1399","AS27000",0
2019,11,"C1399","AS27137",0
2019,11,"C1399","AS27138",0
2019,11,"C1399","AS27133",0
2019,11,"C1029","AS46000",0
2019,11,"C1029","AS27134",0
2019,11,"C1029","AS27132",0
2019,11,"C1029","AS27000",0
2019,11,"C1029","AS27139",0
2019,11,"C1029","AS27137",0
2019,11,"C1029","AS27138",0
2019,11,"C1029","AS27133",0
2019,11,"C1018","AS21126",0
2019,11,"C1018","AS42018",0
2019,11,"C1018","AS46000",0
2019,11,"C1018","AS17005",0
2019,11,"C1018","AS27134",0
2019,11,"C1018","AS27132",0
2019,11,"C1018","AS27000",0
2019,11,"C1018","AS27139",0
2019,11,"C1018","AS27137",0
2019,11,"C1018","AS27138",0
2019,11,"C1018","AS27133",0
2019,11,"C1055","AS42018",0
2019,11,"C1055","AS21126",0
2019,11,"C1055","AS46000",0
2019,11,"C1055","AS17005",0
2019,11,"C1055","AS27134",0
2019,11,"C1055","AS27132",0
2019,11,"C1055","AS27000",0
2019,11,"C1055","AS27139",0
2019,11,"C1055","AS27137",0
2019,11,"C1055","AS27138",0
2019,11,"C1055","AS27133",0
2019,11,"C1144","AS46000",0
2019,11,"C1144","AS27134",0
2019,11,"C1144","AS27132",0
2019,11,"C1144","AS27000",0
2019,11,"C1144","AS27138",0
2019,11,"C1144","AS27133",0
2019,11,"C1086","AS27134",0
2019,11,"C1086","AS27132",0
2019,11,"C1086","AS27000",0
2019,11,"C1086","AS27137",0
2019,11,"C1086","AS27138",0
2019,11,"C1086","AS27133",0
2019,11,"C1745","AS46000",0
2019,11,"C1745","AS27134",0
2019,11,"C1745","AS27132",0
2019,11,"C1745","AS27000",0
2019,11,"C1745","AS27137",0
2019,11,"C1745","AS27138",0
2019,11,"C1745","AS27133",0
2019,11,"C1056","AS21126",0
2019,11,"C1056","AS46000",0
2019,11,"C1056","AS27134",0
2019,11,"C1056","AS27132",0
2019,11,"C1056","AS27000",0
2019,11,"C1056","AS27137",0
2019,11,"C1056","AS27138",0
2019,11,"C1056","AS27133",0
2019,12,"C1399","AS27134",0
2019,12,"C1399","AS27132",0
2019,12,"C1399","AS27000",0
2019,12,"C1399","AS27137",0
2019,12,"C1399","AS27138",0
2019,12,"C1399","AS27133",0
2019,12,"C1055","AS21126",0
2019,12,"C1055","AS42018",0
2019,12,"C1055","AS46000",0
2019,12,"C1055","AS17005",0
2019,12,"C1055","AS27134",0
2019,12,"C1055","AS27132",0
2019,12,"C1055","AS27000",0
2019,12,"C1055","AS27139",0
2019,12,"C1055","AS27137",0
2019,12,"C1055","AS27138",0
2019,12,"C1055","AS27133",0
2019,12,"C1056","AS21126",0
2019,12,"C1056","AS46000",0
2019,12,"C1056","AS27134",0
2019,12,"C1056","AS27132",0
2019,12,"C1056","AS27000",0
2019,12,"C1056","AS27137",0
2019,12,"C1056","AS27138",0
2019,12,"C1056","AS27133",0
2019,12,"C1144","AS46000",0
2019,12,"C1144","AS27134",0
2019,12,"C1144","AS27132",0
2019,12,"C1144","AS27000",0
2019,12,"C1144","AS27138",0
2019,12,"C1144","AS27133",0
2019,12,"C1086","AS27134",0
2019,12,"C1086","AS27132",0
2019,12,"C1086","AS27000",0
2019,12,"C1086","AS27137",0
2019,12,"C1086","AS27138",0
2019,12,"C1086","AS27133",0
2019,12,"C1029","AS46000",0
2019,12,"C1029","AS27134",0
2019,12,"C1029","AS27132",0
2019,12,"C1029","AS27000",0
2019,12,"C1029","AS27139",0
2019,12,"C1029","AS27137",0
2019,12,"C1029","AS27138",0
2019,12,"C1029","AS27133",0
2019,12,"C1018","AS42018",0
2019,12,"C1018","AS21126",0
2019,12,"C1018","AS46000",0
2019,12,"C1018","AS17005",0
2019,12,"C1018","AS27134",0
2019,12,"C1018","AS27132",0
2019,12,"C1018","AS27000",0
2019,12,"C1018","AS27139",0
2019,12,"C1018","AS27137",0
2019,12,"C1018","AS27138",0
2019,12,"C1018","AS27133",0
2019,12,"C1745","AS46000",0
2019,12,"C1745","AS27134",0
2019,12,"C1745","AS27132",0
2019,12,"C1745","AS27000",0
2019,12,"C1745","AS27137",0
2019,12,"C1745","AS27138",0
2019,12,"C1745","AS27133",0
2019,10,"C3011","AS27000",0
2019,10,"C3011","AS27137",0
2019,10,"C3011","AS27138",0
2019,10,"C3011","AS27133",0
2019,11,"C3011","AS27000",0
2019,11,"C3011","AS27137",0
2019,11,"C3011","AS27138",0
2019,11,"C3011","AS27133",0
2019,12,"C3011","AS27000",0
2019,12,"C3011","AS27137",0
2019,12,"C3011","AS27138",0
2019,12,"C3011","AS27133",0
2019,10,"C1088","AS21126",0
2019,10,"C1088","AS27134",0
2019,10,"C1088","AS27132",0
2019,10,"C1088","AS27000",0
2019,10,"C1088","AS27137",0
2019,10,"C1088","AS27138",0
2019,10,"C1088","AS27133",0
2019,11,"C1088","AS21126",0
2019,11,"C1088","AS27134",0
2019,11,"C1088","AS27132",0
2019,11,"C1088","AS27000",0
2019,11,"C1088","AS27137",0
2019,11,"C1088","AS27138",0
2019,11,"C1088","AS27133",0
2019,12,"C1088","AS21126",0
2019,12,"C1088","AS27134",0
2019,12,"C1088","AS27132",0
2019,12,"C1088","AS27000",0
2019,12,"C1088","AS27137",0
2019,12,"C1088","AS27138",0
2019,12,"C1088","AS27133",0
2019,10,"C2003","AS27132",0
2019,10,"C2003","AS27000",0
2019,10,"C2003","AS27137",0
2019,10,"C2003","AS27138",0
2019,10,"C2003","AS27133",0
2019,10,"C5060","AS21126",0
2019,10,"C5060","AS27000",0
2019,10,"C5060","AS27137",0
2019,10,"C5060","AS27138",0
2019,10,"C5060","AS27133",0
2019,11,"C2003","AS27132",0
2019,11,"C2003","AS27000",0
2019,11,"C2003","AS27137",0
2019,11,"C2003","AS27138",0
2019,11,"C2003","AS27133",0
2019,11,"C5060","AS21126",0
2019,11,"C5060","AS27000",0
2019,11,"C5060","AS27137",0
2019,11,"C5060","AS27138",0
2019,11,"C5060","AS27133",0
2019,12,"C2003","AS27132",0
2019,12,"C2003","AS27000",0
2019,12,"C2003","AS27137",0
2019,12,"C2003","AS27138",0
2019,12,"C2003","AS27133",0
2019,12,"C5060","AS21126",0
2019,12,"C5060","AS27000",0
2019,12,"C5060","AS27137",0
2019,12,"C5060","AS27138",0
2019,12,"C5060","AS27133",0
2019,10,"C5018","AS46000",0
2019,10,"C5018","AS27132",0
2019,10,"C5018","AS27000",0
2019,10,"C5018","AS27137",0
2019,10,"C5018","AS27138",0
2019,10,"C5018","AS27133",0
2019,11,"C5018","AS46000",0
2019,11,"C5018","AS27132",0
2019,11,"C5018","AS27000",0
2019,11,"C5018","AS27137",0
2019,11,"C5018","AS27138",0
2019,11,"C5018","AS27133",0
2019,12,"C5018","AS46000",0
2019,12,"C5018","AS27132",0
2019,12,"C5018","AS27000",0
2019,12,"C5018","AS27137",0
2019,12,"C5018","AS27138",0
2019,12,"C5018","AS27133",0
2019,10,"C4019","AS27134",0
2019,10,"C4019","AS27132",0
2019,10,"C4019","AS27000",0
2019,10,"C4019","AS27137",0
2019,10,"C4019","AS27138",0
2019,10,"C4019","AS27133",0
2019,10,"C4024","AS21126",0
2019,10,"C4024","AS27132",0
2019,10,"C4024","AS27000",0
2019,10,"C4024","AS27137",0
2019,10,"C4024","AS27138",0
2019,10,"C4024","AS27133",0
2019,11,"C4024","AS27132",0
2019,11,"C4024","AS27000",0
2019,11,"C4024","AS27137",0
2019,11,"C4024","AS27138",0
2019,11,"C4024","AS27133",0
2019,11,"C4019","AS27134",0
2019,11,"C4019","AS27132",0
2019,11,"C4019","AS27000",0
2019,11,"C4019","AS27137",0
2019,11,"C4019","AS27138",0
2019,11,"C4019","AS27133",0
2019,12,"C4024","AS27132",0
2019,12,"C4024","AS27000",0
2019,12,"C4024","AS27137",0
2019,12,"C4024","AS27138",0
2019,12,"C4024","AS27133",0
2019,12,"C4019","AS27134",0
2019,12,"C4019","AS27132",0
2019,12,"C4019","AS27000",0
2019,12,"C4019","AS27137",0
2019,12,"C4019","AS27138",0
2019,12,"C4019","AS27133",0
2019,10,"C2051","AS21126",0
2019,10,"C2051","AS46000",0
2019,10,"C2051","AS17005",0
2019,10,"C2051","AS27134",0
2019,10,"C2051","AS27132",0
2019,10,"C2051","AS27000",0
2019,10,"C2051","AS27139",0
2019,10,"C2051","AS27137",0
2019,10,"C2051","AS27138",0
2019,10,"C2051","AS27133",0
2019,11,"C2051","AS21126",0
2019,11,"C2051","AS46000",0
2019,11,"C2051","AS17005",0
2019,11,"C2051","AS27134",0
2019,11,"C2051","AS27132",0
2019,11,"C2051","AS27000",0
2019,11,"C2051","AS27139",0
2019,11,"C2051","AS27137",0
2019,11,"C2051","AS27138",0
2019,11,"C2051","AS27133",0
2019,12,"C2051","AS21126",0
2019,12,"C2051","AS46000",0
2019,12,"C2051","AS17005",0
2019,12,"C2051","AS27134",0
2019,12,"C2051","AS27132",0
2019,12,"C2051","AS27000",0
2019,12,"C2051","AS27139",0
2019,12,"C2051","AS27137",0
2019,12,"C2051","AS27138",0
2019,12,"C2051","AS27133",0
2019,10,"C2004","AS27134",0
2019,10,"C2004","AS27132",0
2019,10,"C2004","AS27000",0
2019,10,"C2004","AS27139",0
2019,10,"C2004","AS27137",0
2019,10,"C2004","AS27138",0
2019,10,"C2004","AS27133",0
2019,11,"C2004","AS27134",0
2019,11,"C2004","AS27132",0
2019,11,"C2004","AS27000",0
2019,11,"C2004","AS27139",0
2019,11,"C2004","AS27137",0
2019,11,"C2004","AS27138",0
2019,11,"C2004","AS27133",0
2019,12,"C2004","AS27134",0
2019,12,"C2004","AS27132",0
2019,12,"C2004","AS27000",0
2019,12,"C2004","AS27139",0
2019,12,"C2004","AS27137",0
2019,12,"C2004","AS27138",0
2019,12,"C2004","AS27133",0
2019,10,"C2016","AS27134",0
2019,10,"C2016","AS27000",0
2019,10,"C2016","AS27133",0
2019,10,"C2005","AS27134",0
2019,10,"C2005","AS27000",0
2019,10,"C2005","AS27137",0
2019,10,"C2005","AS27133",0
2019,11,"C2016","AS27134",0
2019,11,"C2016","AS27000",0
2019,11,"C2016","AS27133",0
2019,11,"C2005","AS27134",0
2019,11,"C2005","AS27000",0
2019,11,"C2005","AS27137",0
2019,11,"C2005","AS27133",0
2019,12,"C2005","AS27134",0
2019,12,"C2005","AS27000",0
2019,12,"C2005","AS27137",0
2019,12,"C2005","AS27133",0
2019,12,"C2016","AS27134",0
2019,12,"C2016","AS27000",0
2019,12,"C2016","AS27133",0
2019,10,"C5019","AS27132",0
2019,10,"C5019","AS27000",0
2019,10,"C5019","AS27137",0
2019,10,"C5019","AS27138",0
2019,10,"C5019","AS27133",0
2019,11,"C5019","AS27132",0
2019,11,"C5019","AS27000",0
2019,11,"C5019","AS27137",0
2019,11,"C5019","AS27138",0
2019,11,"C5019","AS27133",0
2019,12,"C5019","AS27132",0
2019,12,"C5019","AS27000",0
2019,12,"C5019","AS27137",0
2019,12,"C5019","AS27138",0
2019,12,"C5019","AS27133",0
2019,10,"C3012","AS21126",0
2019,10,"C3012","AS27134",0
2019,10,"C3012","AS27132",0
2019,10,"C3012","AS27000",0
2019,10,"C3012","AS27139",0
2019,10,"C3012","AS27137",0
2019,10,"C3012","AS27138",0
2019,10,"C3012","AS27133",0
2019,11,"C3012","AS21126",0
2019,11,"C3012","AS27134",0
2019,11,"C3012","AS27132",0
2019,11,"C3012","AS27000",0
2019,11,"C3012","AS27139",0
2019,11,"C3012","AS27137",0
2019,11,"C3012","AS27138",0
2019,11,"C3012","AS27133",0
2019,12,"C3012","AS21126",0
2019,12,"C3012","AS27134",0
2019,12,"C3012","AS27132",0
2019,12,"C3012","AS27000",0
2019,12,"C3012","AS27139",0
2019,12,"C3012","AS27137",0
2019,12,"C3012","AS27138",0
2019,12,"C3012","AS27133",0
2019,10,"C1089","AS27134",0
2019,10,"C1089","AS27132",0
2019,10,"C1089","AS27000",0
2019,10,"C1089","AS27139",0
2019,10,"C1089","AS27138",0
2019,10,"C1089","AS27133",0
2019,11,"C1089","AS27134",0
2019,11,"C1089","AS27132",0
2019,11,"C1089","AS27000",0
2019,11,"C1089","AS27139",0
2019,11,"C1089","AS27138",0
2019,11,"C1089","AS27133",0
2019,12,"C1089","AS27134",0
2019,12,"C1089","AS27132",0
2019,12,"C1089","AS27000",0
2019,12,"C1089","AS27139",0
2019,12,"C1089","AS27138",0
2019,12,"C1089","AS27133",0
2019,10,"C2194","AS27132",0
2019,10,"C2194","AS27000",0
2019,10,"C2194","AS27137",0
2019,10,"C2194","AS27138",0
2019,10,"C2194","AS27133",0
2019,10,"C2053","AS27134",0
2019,10,"C2053","AS27132",0
2019,10,"C2053","AS27000",0
2019,10,"C2053","AS27137",0
2019,10,"C2053","AS27138",0
2019,10,"C2053","AS27133",0
2019,10,"C2006","AS21126",0
2019,10,"C2006","AS46000",0
2019,10,"C2006","AS27134",0
2019,10,"C2006","AS27132",0
2019,10,"C2006","AS27000",0
2019,10,"C2006","AS27139",0
2019,10,"C2006","AS27137",0
2019,10,"C2006","AS27138",0
2019,10,"C2006","AS27133",0
2019,10,"C2017","AS21126",0
2019,10,"C2017","AS46000",0
2019,10,"C2017","AS17005",0
2019,10,"C2017","AS27132",0
2019,10,"C2017","AS27000",0
2019,10,"C2017","AS27137",0
2019,10,"C2017","AS27138",0
2019,10,"C2017","AS27133",0
2019,11,"C2006","AS21126",0
2019,11,"C2006","AS46000",0
2019,11,"C2006","AS27134",0
2019,11,"C2006","AS27132",0
2019,11,"C2006","AS27000",0
2019,11,"C2006","AS27139",0
2019,11,"C2006","AS27137",0
2019,11,"C2006","AS27138",0
2019,11,"C2006","AS27133",0
2019,11,"C2194","AS27132",0
2019,11,"C2194","AS27000",0
2019,11,"C2194","AS27137",0
2019,11,"C2194","AS27138",0
2019,11,"C2194","AS27133",0
2019,11,"C2053","AS27134",0
2019,11,"C2053","AS27132",0
2019,11,"C2053","AS27000",0
2019,11,"C2053","AS27137",0
2019,11,"C2053","AS27138",0
2019,11,"C2053","AS27133",0
2019,11,"C2017","AS21126",0
2019,11,"C2017","AS46000",0
2019,11,"C2017","AS17005",0
2019,11,"C2017","AS27132",0
2019,11,"C2017","AS27000",0
2019,11,"C2017","AS27137",0
2019,11,"C2017","AS27138",0
2019,11,"C2017","AS27133",0
2019,12,"C2017","AS21126",0
2019,12,"C2017","AS46000",0
2019,12,"C2017","AS17005",0
2019,12,"C2017","AS27132",0
2019,12,"C2017","AS27000",0
2019,12,"C2017","AS27137",0
2019,12,"C2017","AS27138",0
2019,12,"C2017","AS27133",0
2019,12,"C2053","AS27134",0
2019,12,"C2053","AS27132",0
2019,12,"C2053","AS27000",0
2019,12,"C2053","AS27137",0
2019,12,"C2053","AS27138",0
2019,12,"C2053","AS27133",0
2019,12,"C2006","AS21126",0
2019,12,"C2006","AS46000",0
2019,12,"C2006","AS27134",0
2019,12,"C2006","AS27132",0
2019,12,"C2006","AS27000",0
2019,12,"C2006","AS27139",0
2019,12,"C2006","AS27137",0
2019,12,"C2006","AS27138",0
2019,12,"C2006","AS27133",0
2019,12,"C2194","AS27132",0
2019,12,"C2194","AS27000",0
2019,12,"C2194","AS27137",0
2019,12,"C2194","AS27138",0
2019,12,"C2194","AS27133",0
2019,10,"C1090","AS21126",0
2019,10,"C1090","AS46000",0
2019,10,"C1090","AS27134",0
2019,10,"C1090","AS27132",0
2019,10,"C1090","AS27000",0
2019,10,"C1090","AS27139",0
2019,10,"C1090","AS27137",0
2019,10,"C1090","AS27138",0
2019,10,"C1090","AS27133",0
2019,10,"C1087","AS21126",0
2019,10,"C1087","AS42018",0
2019,10,"C1087","AS46000",0
2019,10,"C1087","AS17005",0
2019,10,"C1087","AS27134",0
2019,10,"C1087","AS27132",0
2019,10,"C1087","AS27000",0
2019,10,"C1087","AS27139",0
2019,10,"C1087","AS27137",0
2019,10,"C1087","AS27138",0
2019,10,"C1087","AS27133",0
2019,11,"C1087","AS21126",0
2019,11,"C1087","AS42018",0
2019,11,"C1087","AS46000",0
2019,11,"C1087","AS17005",0
2019,11,"C1087","AS27134",0
2019,11,"C1087","AS27132",0
2019,11,"C1087","AS27000",0
2019,11,"C1087","AS27139",0
2019,11,"C1087","AS27137",0
2019,11,"C1087","AS27138",0
2019,11,"C1087","AS27133",0
2019,11,"C1090","AS21126",0
2019,11,"C1090","AS46000",0
2019,11,"C1090","AS27134",0
2019,11,"C1090","AS27132",0
2019,11,"C1090","AS27000",0
2019,11,"C1090","AS27139",0
2019,11,"C1090","AS27137",0
2019,11,"C1090","AS27138",0
2019,11,"C1090","AS27133",0
2019,12,"C1090","AS21126",0
2019,12,"C1090","AS46000",0
2019,12,"C1090","AS27134",0
2019,12,"C1090","AS27132",0
2019,12,"C1090","AS27000",0
2019,12,"C1090","AS27139",0
2019,12,"C1090","AS27137",0
2019,12,"C1090","AS27138",0
2019,12,"C1090","AS27133",0
2019,12,"C1087","AS42018",0
2019,12,"C1087","AS21126",0
2019,12,"C1087","AS46000",0
2019,12,"C1087","AS17005",0
2019,12,"C1087","AS27134",0
2019,12,"C1087","AS27132",0
2019,12,"C1087","AS27000",0
2019,12,"C1087","AS27139",0
2019,12,"C1087","AS27137",0
2019,12,"C1087","AS27138",0
2019,12,"C1087","AS27133",0
2019,10,"C1091","AS21126",0
2019,10,"C1091","AS27000",0
2019,10,"C1091","AS27137",0
2019,10,"C1091","AS27138",0
2019,10,"C1091","AS27133",0
2019,11,"C1091","AS21126",0
2019,11,"C1091","AS27000",0
2019,11,"C1091","AS27137",0
2019,11,"C1091","AS27138",0
2019,11,"C1091","AS27133",0
2019,12,"C1091","AS21126",0
2019,12,"C1091","AS27000",0
2019,12,"C1091","AS27137",0
2019,12,"C1091","AS27138",0
2019,12,"C1091","AS27133",0
2019,10,"C2131","AS27000",0
2019,10,"C2131","AS27139",0
2019,10,"C2131","AS27137",0
2019,10,"C2131","AS27138",0
2019,10,"C2131","AS27133",0
2019,11,"C2131","AS27000",0
2019,11,"C2131","AS27139",0
2019,11,"C2131","AS27137",0
2019,11,"C2131","AS27138",0
2019,11,"C2131","AS27133",0
2019,12,"C2131","AS27000",0
2019,12,"C2131","AS27139",0
2019,12,"C2131","AS27137",0
2019,12,"C2131","AS27138",0
2019,12,"C2131","AS27133",0
2019,10,"C5002","AS46000",0
2019,10,"C5002","AS27132",0
2019,10,"C5002","AS27000",0
2019,10,"C5002","AS27137",0
2019,10,"C5002","AS27138",0
2019,10,"C5002","AS27133",0
2019,11,"C5002","AS46000",0
2019,11,"C5002","AS27132",0
2019,11,"C5002","AS27000",0
2019,11,"C5002","AS27137",0
2019,11,"C5002","AS27138",0
2019,11,"C5002","AS27133",0
2019,12,"C5002","AS46000",0
2019,12,"C5002","AS27132",0
2019,12,"C5002","AS27000",0
2019,12,"C5002","AS27137",0
2019,12,"C5002","AS27138",0
2019,12,"C5002","AS27133",0
2019,10,"C2061","AS27132",0
2019,10,"C2061","AS27000",0
2019,10,"C2061","AS27138",0
2019,10,"C2061","AS27133",0
2019,10,"C2056","AS46000",0
2019,10,"C2056","AS17005",0
2019,10,"C2056","AS27134",0
2019,10,"C2056","AS27132",0
2019,10,"C2056","AS27000",0
2019,10,"C2056","AS27137",0
2019,10,"C2056","AS27138",0
2019,10,"C2056","AS27133",0
2019,11,"C2056","AS46000",0
2019,11,"C2056","AS17005",0
2019,11,"C2056","AS27134",0
2019,11,"C2056","AS27132",0
2019,11,"C2056","AS27000",0
2019,11,"C2056","AS27139",0
2019,11,"C2056","AS27137",0
2019,11,"C2056","AS27138",0
2019,11,"C2056","AS27133",0
2019,11,"C2061","AS27132",0
2019,11,"C2061","AS27000",0
2019,11,"C2061","AS27138",0
2019,11,"C2061","AS27133",0
2019,12,"C2061","AS27132",0
2019,12,"C2061","AS27000",0
2019,12,"C2061","AS27138",0
2019,12,"C2061","AS27133",0
2019,12,"C2056","AS46000",0
2019,12,"C2056","AS17005",0
2019,12,"C2056","AS27134",0
2019,12,"C2056","AS27132",0
2019,12,"C2056","AS27000",0
2019,12,"C2056","AS27139",0
2019,12,"C2056","AS27137",0
2019,12,"C2056","AS27138",0
2019,12,"C2056","AS27133",0
2019,10,"C1092","AS21126",0
2019,10,"C1092","AS46000",0
2019,10,"C1092","AS27134",0
2019,10,"C1092","AS27132",0
2019,10,"C1092","AS27000",0
2019,10,"C1092","AS27139",0
2019,10,"C1092","AS27137",0
2019,10,"C1092","AS27133",0
2019,11,"C1092","AS21126",0
2019,11,"C1092","AS46000",0
2019,11,"C1092","AS27134",0
2019,11,"C1092","AS27132",0
2019,11,"C1092","AS27000",0
2019,11,"C1092","AS27139",0
2019,11,"C1092","AS27137",0
2019,11,"C1092","AS27133",0
2019,12,"C1092","AS21126",0
2019,12,"C1092","AS46000",0
2019,12,"C1092","AS27134",0
2019,12,"C1092","AS27132",0
2019,12,"C1092","AS27000",0
2019,12,"C1092","AS27139",0
2019,12,"C1092","AS27137",0
2019,12,"C1092","AS27133",0
2019,10,"C3013","AS21126",0
2019,10,"C3013","AS46000",0
2019,10,"C3013","AS27134",0
2019,10,"C3013","AS27132",0
2019,10,"C3013","AS27000",0
2019,10,"C3013","AS27137",0
2019,10,"C3013","AS27138",0
2019,10,"C3013","AS27133",0
2019,11,"C3013","AS21126",0
2019,11,"C3013","AS46000",0
2019,11,"C3013","AS27134",0
2019,11,"C3013","AS27132",0
2019,11,"C3013","AS27000",0
2019,11,"C3013","AS27137",0
2019,11,"C3013","AS27138",0
2019,11,"C3013","AS27133",0
2019,12,"C3013","AS21126",0
2019,12,"C3013","AS46000",0
2019,12,"C3013","AS27134",0
2019,12,"C3013","AS27132",0
2019,12,"C3013","AS27000",0
2019,12,"C3013","AS27137",0
2019,12,"C3013","AS27138",0
2019,12,"C3013","AS27133",0
2019,10,"C2127","AS21126",0
2019,10,"C2127","AS42018",0
2019,10,"C2127","AS27134",0
2019,10,"C2127","AS27132",0
2019,10,"C2127","AS27000",0
2019,10,"C2127","AS27139",0
2019,10,"C2127","AS27137",0
2019,10,"C2127","AS27138",0
2019,10,"C2127","AS27133",0
2019,10,"C3043","AS27134",0
2019,10,"C3043","AS27137",0
2019,10,"C3043","AS27138",0
2019,10,"C3043","AS27133",0
2019,10,"C3018","AS27134",0
2019,10,"C3018","AS27132",0
2019,10,"C3018","AS27000",0
2019,10,"C3018","AS27137",0
2019,10,"C3018","AS27133",0
2019,10,"C3021","AS27132",0
2019,10,"C3021","AS27000",0
2019,10,"C3021","AS27137",0
2019,10,"C3021","AS27138",0
2019,10,"C3021","AS27133",0
2019,10,"C3016","AS27134",0
2019,10,"C3016","AS27132",0
2019,10,"C3016","AS27000",0
2019,10,"C3016","AS27137",0
2019,10,"C3016","AS27133",0
2019,11,"C3043","AS27134",0
2019,11,"C3043","AS27137",0
2019,11,"C3043","AS27138",0
2019,11,"C3043","AS27133",0
2019,11,"C2127","AS21126",0
2019,11,"C2127","AS42018",0
2019,11,"C2127","AS27134",0
2019,11,"C2127","AS27132",0
2019,11,"C2127","AS27000",0
2019,11,"C2127","AS27139",0
2019,11,"C2127","AS27137",0
2019,11,"C2127","AS27138",0
2019,11,"C2127","AS27133",0
2019,11,"C3021","AS27132",0
2019,11,"C3021","AS27000",0
2019,11,"C3021","AS27137",0
2019,11,"C3021","AS27138",0
2019,11,"C3021","AS27133",0
2019,11,"C3016","AS27134",0
2019,11,"C3016","AS27132",0
2019,11,"C3016","AS27000",0
2019,11,"C3016","AS27137",0
2019,11,"C3016","AS27133",0
2019,11,"C3018","AS27134",0
2019,11,"C3018","AS27132",0
2019,11,"C3018","AS27000",0
2019,11,"C3018","AS27137",0
2019,11,"C3018","AS27133",0
2019,12,"C3021","AS27132",0
2019,12,"C3021","AS27000",0
2019,12,"C3021","AS27137",0
2019,12,"C3021","AS27138",0
2019,12,"C3021","AS27133",0
2019,12,"C3018","AS27134",0
2019,12,"C3018","AS27132",0
2019,12,"C3018","AS27000",0
2019,12,"C3018","AS27137",0
2019,12,"C3018","AS27133",0
2019,12,"C2127","AS21126",0
2019,12,"C2127","AS42018",0
2019,12,"C2127","AS27134",0
2019,12,"C2127","AS27132",0
2019,12,"C2127","AS27000",0
2019,12,"C2127","AS27139",0
2019,12,"C2127","AS27137",0
2019,12,"C2127","AS27138",0
2019,12,"C2127","AS27133",0
2019,12,"C3016","AS27134",0
2019,12,"C3016","AS27132",0
2019,12,"C3016","AS27000",0
2019,12,"C3016","AS27137",0
2019,12,"C3016","AS27133",0
2019,12,"C3043","AS21126",0
2019,12,"C3043","AS27134",0
2019,12,"C3043","AS27137",0
2019,12,"C3043","AS27138",0
2019,10,"C5020","AS46000",0
2019,10,"C5020","AS27134",0
2019,10,"C5020","AS27000",0
2019,10,"C5020","AS27137",0
2019,10,"C5020","AS27138",0
2019,10,"C5020","AS27133",0
2019,11,"C5020","AS46000",0
2019,11,"C5020","AS27134",0
2019,11,"C5020","AS27000",0
2019,11,"C5020","AS27137",0
2019,11,"C5020","AS27138",0
2019,11,"C5020","AS27133",0
2019,12,"C5020","AS46000",0
2019,12,"C5020","AS27134",0
2019,12,"C5020","AS27000",0
2019,12,"C5020","AS27137",0
2019,12,"C5020","AS27138",0
2019,12,"C5020","AS27133",0
2019,10,"C1035","AS46000",0
2019,10,"C1035","AS27134",0
2019,10,"C1035","AS27132",0
2019,10,"C1035","AS27000",0
2019,10,"C1035","AS27137",0
2019,10,"C1035","AS27138",0
2019,10,"C1035","AS27133",0
2019,10,"C1058","AS21126",0
2019,10,"C1058","AS27000",0
2019,10,"C1058","AS27137",0
2019,10,"C1030","AS42018",0
2019,10,"C1030","AS21126",0
2019,10,"C1030","AS46000",0
2019,10,"C1030","AS17005",0
2019,10,"C1030","AS27134",0
2019,10,"C1030","AS27132",0
2019,10,"C1030","AS27000",0
2019,10,"C1030","AS27139",0
2019,10,"C1030","AS27137",0
2019,10,"C1030","AS27138",0
2019,10,"C1030","AS27133",0
2019,10,"C1094","AS27000",0
2019,10,"C1094","AS27137",0
2019,10,"C1094","AS27138",0
2019,10,"C1069","AS42018",0
2019,10,"C1069","AS27134",0
2019,10,"C1069","AS27132",0
2019,10,"C1069","AS27000",0
2019,10,"C1069","AS27137",0
2019,10,"C1069","AS27138",0
2019,10,"C1069","AS27133",0
2019,10,"C1027","AS21126",0
2019,10,"C1027","AS42018",0
2019,10,"C1027","AS46000",0
2019,10,"C1027","AS17005",0
2019,10,"C1027","AS27134",0
2019,10,"C1027","AS27132",0
2019,10,"C1027","AS27000",0
2019,10,"C1027","AS27137",0
2019,10,"C1027","AS27138",0
2019,10,"C1027","AS27133",0
2019,10,"C1024","AS46000",0
2019,10,"C1024","AS17005",0
2019,10,"C1024","AS27134",0
2019,10,"C1024","AS27132",0
2019,10,"C1024","AS27000",0
2019,10,"C1024","AS27137",0
2019,10,"C1024","AS27138",0
2019,10,"C1024","AS27133",0
2019,10,"C1101","AS27134",0
2019,10,"C1101","AS27132",0
2019,10,"C1101","AS27000",0
2019,10,"C1101","AS27137",0
2019,10,"C1101","AS27138",0
2019,10,"C1101","AS27133",0
2019,10,"C1015","AS42018",0
2019,10,"C1015","AS21126",0
2019,10,"C1015","AS46000",0
2019,10,"C1015","AS17005",0
2019,10,"C1015","AS27134",0
2019,10,"C1015","AS27132",0
2019,10,"C1015","AS27000",0
2019,10,"C1015","AS27139",0
2019,10,"C1015","AS27137",0
2019,10,"C1015","AS27138",0
2019,10,"C1015","AS27133",0
2019,11,"C1035","AS46000",0
2019,11,"C1035","AS27134",0
2019,11,"C1035","AS27132",0
2019,11,"C1035","AS27000",0
2019,11,"C1035","AS27137",0
2019,11,"C1035","AS27138",0
2019,11,"C1035","AS27133",0
2019,11,"C1094","AS27000",0
2019,11,"C1094","AS27137",0
2019,11,"C1094","AS27138",0
2019,11,"C1027","AS42018",0
2019,11,"C1027","AS21126",0
2019,11,"C1027","AS46000",0
2019,11,"C1027","AS17005",0
2019,11,"C1027","AS27134",0
2019,11,"C1027","AS27132",0
2019,11,"C1027","AS27000",0
2019,11,"C1027","AS27137",0
2019,11,"C1027","AS27138",0
2019,11,"C1027","AS27133",0
2019,11,"C1015","AS21126",0
2019,11,"C1015","AS42018",0
2019,11,"C1015","AS46000",0
2019,11,"C1015","AS17005",0
2019,11,"C1015","AS27134",0
2019,11,"C1015","AS27132",0
2019,11,"C1015","AS27000",0
2019,11,"C1015","AS27139",0
2019,11,"C1015","AS27137",0
2019,11,"C1015","AS27138",0
2019,11,"C1015","AS27133",0
2019,11,"C1058","AS21126",0
2019,11,"C1058","AS27000",0
2019,11,"C1058","AS27137",0
2019,11,"C1030","AS42018",0
2019,11,"C1030","AS21126",0
2019,11,"C1030","AS46000",0
2019,11,"C1030","AS17005",0
2019,11,"C1030","AS27134",0
2019,11,"C1030","AS27132",0
2019,11,"C1030","AS27000",0
2019,11,"C1030","AS27139",0
2019,11,"C1030","AS27137",0
2019,11,"C1030","AS27138",0
2019,11,"C1030","AS27133",0
2019,11,"C1101","AS27134",0
2019,11,"C1101","AS27132",0
2019,11,"C1101","AS27000",0
2019,11,"C1101","AS27137",0
2019,11,"C1101","AS27138",0
2019,11,"C1101","AS27133",0
2019,11,"C1069","AS42018",0
2019,11,"C1069","AS27134",0
2019,11,"C1069","AS27132",0
2019,11,"C1069","AS27000",0
2019,11,"C1069","AS27137",0
2019,11,"C1069","AS27138",0
2019,11,"C1069","AS27133",0
2019,11,"C1024","AS46000",0
2019,11,"C1024","AS17005",0
2019,11,"C1024","AS27134",0
2019,11,"C1024","AS27132",0
2019,11,"C1024","AS27000",0
2019,11,"C1024","AS27137",0
2019,11,"C1024","AS27138",0
2019,11,"C1024","AS27133",0
2019,12,"C1035","AS46000",0
2019,12,"C1035","AS27134",0
2019,12,"C1035","AS27132",0
2019,12,"C1035","AS27000",0
2019,12,"C1035","AS27137",0
2019,12,"C1035","AS27138",0
2019,12,"C1035","AS27133",0
2019,12,"C1015","AS42018",0
2019,12,"C1015","AS21126",0
2019,12,"C1015","AS46000",0
2019,12,"C1015","AS17005",0
2019,12,"C1015","AS27134",0
2019,12,"C1015","AS27132",0
2019,12,"C1015","AS27000",0
2019,12,"C1015","AS27139",0
2019,12,"C1015","AS27137",0
2019,12,"C1015","AS27138",0
2019,12,"C1015","AS27133",0
2019,12,"C1069","AS42018",0
2019,12,"C1069","AS27134",0
2019,12,"C1069","AS27132",0
2019,12,"C1069","AS27000",0
2019,12,"C1069","AS27137",0
2019,12,"C1069","AS27138",0
2019,12,"C1069","AS27133",0
2019,12,"C1030","AS21126",0
2019,12,"C1030","AS42018",0
2019,12,"C1030","AS46000",0
2019,12,"C1030","AS17005",0
2019,12,"C1030","AS27134",0
2019,12,"C1030","AS27132",0
2019,12,"C1030","AS27000",0
2019,12,"C1030","AS27139",0
2019,12,"C1030","AS27137",0
2019,12,"C1030","AS27138",0
2019,12,"C1030","AS27133",0
2019,12,"C1058","AS21126",0
2019,12,"C1058","AS27000",0
2019,12,"C1058","AS27137",0
2019,12,"C1024","AS21126",0
2019,12,"C1024","AS46000",0
2019,12,"C1024","AS17005",0
2019,12,"C1024","AS27134",0
2019,12,"C1024","AS27132",0
2019,12,"C1024","AS27000",0
2019,12,"C1024","AS27137",0
2019,12,"C1024","AS27138",0
2019,12,"C1024","AS27133",0
2019,12,"C1101","AS27134",0
2019,12,"C1101","AS27132",0
2019,12,"C1101","AS27000",0
2019,12,"C1101","AS27137",0
2019,12,"C1101","AS27138",0
2019,12,"C1101","AS27133",0
2019,12,"C1027","AS42018",0
2019,12,"C1027","AS21126",0
2019,12,"C1027","AS46000",0
2019,12,"C1027","AS17005",0
2019,12,"C1027","AS27134",0
2019,12,"C1027","AS27132",0
2019,12,"C1027","AS27000",0
2019,12,"C1027","AS27137",0
2019,12,"C1027","AS27138",0
2019,12,"C1027","AS27133",0
2019,12,"C1094","AS27000",0
2019,12,"C1094","AS27137",0
2019,12,"C1094","AS27138",0
2019,10,"C2059","AS27000",0
2019,10,"C2059","AS27137",0
2019,10,"C2059","AS27138",0
2019,10,"C2059","AS27133",0
2019,11,"C2059","AS27000",0
2019,11,"C2059","AS27137",0
2019,11,"C2059","AS27138",0
2019,11,"C2059","AS27133",0
2019,12,"C2059","AS27000",0
2019,12,"C2059","AS27137",0
2019,12,"C2059","AS27138",0
2019,12,"C2059","AS27133",0
2019,10,"C5001","AS27134",0
2019,10,"C5001","AS27000",0
2019,10,"C5001","AS27137",0
2019,10,"C5001","AS27138",0
2019,10,"C5001","AS27133",0
2019,11,"C5001","AS27134",0
2019,11,"C5001","AS27000",0
2019,11,"C5001","AS27137",0
2019,11,"C5001","AS27138",0
2019,11,"C5001","AS27133",0
2019,12,"C5001","AS27134",0
2019,12,"C5001","AS27000",0
2019,12,"C5001","AS27137",0
2019,12,"C5001","AS27138",0
2019,12,"C5001","AS27133",0
2019,10,"C3017","AS46000",0
2019,10,"C3017","AS27134",0
2019,10,"C3017","AS27000",0
2019,10,"C3017","AS27137",0
2019,10,"C3017","AS27138",0
2019,10,"C3017","AS27133",0
2019,11,"C3017","AS46000",0
2019,11,"C3017","AS27134",0
2019,11,"C3017","AS27000",0
2019,11,"C3017","AS27137",0
2019,11,"C3017","AS27138",0
2019,11,"C3017","AS27133",0
2019,12,"C3017","AS46000",0
2019,12,"C3017","AS27134",0
2019,12,"C3017","AS27000",0
2019,12,"C3017","AS27137",0
2019,12,"C3017","AS27138",0
2019,12,"C3017","AS27133",0
2019,10,"C4022","AS21126",0
2019,10,"C4022","AS27134",0
2019,10,"C4022","AS27132",0
2019,10,"C4022","AS27000",0
2019,10,"C4022","AS27139",0
2019,10,"C4022","AS27137",0
2019,10,"C4022","AS27138",0
2019,10,"C4022","AS27133",0
2019,11,"C4022","AS21126",0
2019,11,"C4022","AS27134",0
2019,11,"C4022","AS27132",0
2019,11,"C4022","AS27000",0
2019,11,"C4022","AS27139",0
2019,11,"C4022","AS27137",0
2019,11,"C4022","AS27138",0
2019,11,"C4022","AS27133",0
2019,12,"C4022","AS21126",0
2019,12,"C4022","AS27134",0
2019,12,"C4022","AS27132",0
2019,12,"C4022","AS27000",0
2019,12,"C4022","AS27139",0
2019,12,"C4022","AS27137",0
2019,12,"C4022","AS27138",0
2019,12,"C4022","AS27133",0
2019,10,"C5066","AS27137",0
2019,10,"C5066","AS27138",0
2019,10,"C5066","AS27133",0
2019,11,"C5066","AS27137",0
2019,11,"C5066","AS27138",0
2019,11,"C5066","AS27133",0
2019,12,"C5066","AS27137",0
2019,12,"C5066","AS27138",0
2019,12,"C5066","AS27133",0
2019,10,"C4003","AS46000",0
2019,10,"C4003","AS27137",0
2019,10,"C4003","AS27133",0
2019,11,"C4003","AS46000",0
2019,11,"C4003","AS27137",0
2019,11,"C4003","AS27133",0
2019,12,"C4003","AS46000",0
2019,12,"C4003","AS27137",0
2019,12,"C4003","AS27133",0
2019,10,"C3022","AS27000",0
2019,10,"C3022","AS27137",0
2019,10,"C3022","AS27138",0
2019,10,"C3022","AS27133",0
2019,10,"C3019","AS27134",0
2019,10,"C3019","AS27000",0
2019,10,"C3019","AS27137",0
2019,10,"C3019","AS27138",0
2019,10,"C3019","AS27133",0
2019,11,"C3019","AS27134",0
2019,11,"C3019","AS27000",0
2019,11,"C3019","AS27137",0
2019,11,"C3019","AS27138",0
2019,11,"C3019","AS27133",0
2019,11,"C3022","AS27000",0
2019,11,"C3022","AS27137",0
2019,11,"C3022","AS27138",0
2019,11,"C3022","AS27133",0
2019,12,"C3019","AS21126",0
2019,12,"C3019","AS27134",0
2019,12,"C3019","AS27000",0
2019,12,"C3019","AS27137",0
2019,12,"C3019","AS27138",0
2019,12,"C3019","AS27133",0
2019,12,"C3022","AS27000",0
2019,12,"C3022","AS27137",0
2019,12,"C3022","AS27138",0
2019,12,"C3022","AS27133",0
2019,10,"C5003","AS27000",0
2019,10,"C5003","AS27137",0
2019,10,"C5003","AS27138",0
2019,10,"C5003","AS27133",0
2019,10,"C5063","AS46000",0
2019,10,"C5063","AS17005",0
2019,10,"C5063","AS27134",0
2019,10,"C5063","AS27000",0
2019,10,"C5063","AS27137",0
2019,10,"C5063","AS27138",0
2019,10,"C5063","AS27133",0
2019,11,"C5063","AS46000",0
2019,11,"C5063","AS17005",0
2019,11,"C5063","AS27134",0
2019,11,"C5063","AS27000",0
2019,11,"C5063","AS27137",0
2019,11,"C5063","AS27138",0
2019,11,"C5063","AS27133",0
2019,11,"C5003","AS27000",0
2019,11,"C5003","AS27137",0
2019,11,"C5003","AS27138",0
2019,11,"C5003","AS27133",0
2019,12,"C5003","AS27000",0
2019,12,"C5003","AS27137",0
2019,12,"C5003","AS27138",0
2019,12,"C5003","AS27133",0
2019,12,"C5063","AS46000",0
2019,12,"C5063","AS17005",0
2019,12,"C5063","AS27134",0
2019,12,"C5063","AS27000",0
2019,12,"C5063","AS27137",0
2019,12,"C5063","AS27138",0
2019,12,"C5063","AS27133",0
2019,10,"C3020","AS42018",0
2019,10,"C3020","AS21126",0
2019,10,"C3020","AS27134",0
2019,10,"C3020","AS27132",0
2019,10,"C3020","AS27000",0
2019,10,"C3020","AS27139",0
2019,10,"C3020","AS27137",0
2019,10,"C3020","AS27138",0
2019,10,"C3020","AS27133",0
2019,10,"C3001","AS21126",0
2019,10,"C3001","AS27134",0
2019,10,"C3001","AS27132",0
2019,10,"C3001","AS27000",0
2019,10,"C3001","AS27139",0
2019,10,"C3001","AS27137",0
2019,10,"C3001","AS27138",0
2019,10,"C3001","AS27133",0
2019,11,"C3020","AS42018",0
2019,11,"C3020","AS21126",0
2019,11,"C3020","AS27134",0
2019,11,"C3020","AS27132",0
2019,11,"C3020","AS27000",0
2019,11,"C3020","AS27139",0
2019,11,"C3020","AS27137",0
2019,11,"C3020","AS27138",0
2019,11,"C3020","AS27133",0
2019,11,"C3001","AS21126",0
2019,11,"C3001","AS27134",0
2019,11,"C3001","AS27132",0
2019,11,"C3001","AS27000",0
2019,11,"C3001","AS27139",0
2019,11,"C3001","AS27137",0
2019,11,"C3001","AS27138",0
2019,11,"C3001","AS27133",0
2019,12,"C3020","AS42018",0
2019,12,"C3020","AS21126",0
2019,12,"C3020","AS27134",0
2019,12,"C3020","AS27132",0
2019,12,"C3020","AS27000",0
2019,12,"C3020","AS27139",0
2019,12,"C3020","AS27137",0
2019,12,"C3020","AS27138",0
2019,12,"C3020","AS27133",0
2019,12,"C3001","AS21126",0
2019,12,"C3001","AS27134",0
2019,12,"C3001","AS27132",0
2019,12,"C3001","AS27000",0
2019,12,"C3001","AS27139",0
2019,12,"C3001","AS27137",0
2019,12,"C3001","AS27138",0
2019,12,"C3001","AS27133",0
2019,10,"C2060","AS46000",0
2019,10,"C2060","AS27134",0
2019,10,"C2060","AS27132",0
2019,10,"C2060","AS27000",0
2019,10,"C2060","AS27139",0
2019,10,"C2060","AS27138",0
2019,10,"C2060","AS27133",0
2019,11,"C2060","AS21126",0
2019,11,"C2060","AS46000",0
2019,11,"C2060","AS27134",0
2019,11,"C2060","AS27132",0
2019,11,"C2060","AS27000",0
2019,11,"C2060","AS27139",0
2019,11,"C2060","AS27138",0
2019,11,"C2060","AS27133",0
2019,12,"C2060","AS21126",0
2019,12,"C2060","AS46000",0
2019,12,"C2060","AS27134",0
2019,12,"C2060","AS27132",0
2019,12,"C2060","AS27000",0
2019,12,"C2060","AS27139",0
2019,12,"C2060","AS27138",0
2019,12,"C2060","AS27133",0
2019,10,"C4025","AS21126",0
2019,10,"C4025","AS27000",0
2019,10,"C4025","AS27137",0
2019,10,"C4025","AS27138",0
2019,10,"C4025","AS27133",0
2019,11,"C4025","AS21126",0
2019,11,"C4025","AS27000",0
2019,11,"C4025","AS27137",0
2019,11,"C4025","AS27138",0
2019,11,"C4025","AS27133",0
2019,12,"C4025","AS21126",0
2019,12,"C4025","AS27000",0
2019,12,"C4025","AS27137",0
2019,12,"C4025","AS27138",0
2019,12,"C4025","AS27133",0
2019,10,"C2062","AS42018",0
2019,10,"C2062","AS27134",0
2019,10,"C2062","AS27132",0
2019,10,"C2062","AS27000",0
2019,10,"C2062","AS27139",0
2019,10,"C2062","AS27137",0
2019,10,"C2062","AS27138",0
2019,10,"C2062","AS27133",0
2019,11,"C2062","AS42018",0
2019,11,"C2062","AS27134",0
2019,11,"C2062","AS27132",0
2019,11,"C2062","AS27000",0
2019,11,"C2062","AS27139",0
2019,11,"C2062","AS27137",0
2019,11,"C2062","AS27138",0
2019,11,"C2062","AS27133",0
2019,12,"C2062","AS42018",0
2019,12,"C2062","AS27134",0
2019,12,"C2062","AS27132",0
2019,12,"C2062","AS27000",0
2019,12,"C2062","AS27139",0
2019,12,"C2062","AS27137",0
2019,12,"C2062","AS27138",0
2019,12,"C2062","AS27133",0
2019,10,"C2214","AS27000",0
2019,10,"C2214","AS27138",0
2019,10,"C2214","AS27133",0
2019,10,"C2007","AS21126",0
2019,10,"C2007","AS27134",0
2019,10,"C2007","AS27132",0
2019,10,"C2007","AS27000",0
2019,10,"C2007","AS27137",0
2019,10,"C2007","AS27138",0
2019,10,"C2007","AS27133",0
2019,11,"C2007","AS21126",0
2019,11,"C2007","AS27134",0
2019,11,"C2007","AS27132",0
2019,11,"C2007","AS27000",0
2019,11,"C2007","AS27137",0
2019,11,"C2007","AS27138",0
2019,11,"C2007","AS27133",0
2019,11,"C2214","AS27000",0
2019,11,"C2214","AS27138",0
2019,11,"C2214","AS27133",0
2019,12,"C2214","AS27000",0
2019,12,"C2214","AS27138",0
2019,12,"C2214","AS27133",0
2019,12,"C2007","AS21126",0
2019,12,"C2007","AS27134",0
2019,12,"C2007","AS27132",0
2019,12,"C2007","AS27000",0
2019,12,"C2007","AS27137",0
2019,12,"C2007","AS27138",0
2019,12,"C2007","AS27133",0
2019,10,"C1095","AS21126",0
2019,10,"C1095","AS27134",0
2019,10,"C1095","AS27132",0
2019,10,"C1095","AS27000",0
2019,10,"C1095","AS27137",0
2019,10,"C1095","AS27138",0
2019,10,"C1095","AS27133",0
2019,11,"C1095","AS21126",0
2019,11,"C1095","AS27134",0
2019,11,"C1095","AS27132",0
2019,11,"C1095","AS27000",0
2019,11,"C1095","AS27137",0
2019,11,"C1095","AS27138",0
2019,11,"C1095","AS27133",0
2019,12,"C1095","AS21126",0
2019,12,"C1095","AS27134",0
2019,12,"C1095","AS27132",0
2019,12,"C1095","AS27000",0
2019,12,"C1095","AS27137",0
2019,12,"C1095","AS27138",0
2019,12,"C1095","AS27133",0
2019,10,"C2008","AS46000",0
2019,10,"C2008","AS27132",0
2019,10,"C2008","AS27000",0
2019,10,"C2008","AS27137",0
2019,10,"C2008","AS27138",0
2019,10,"C2008","AS27133",0
2019,10,"C2041","AS27132",0
2019,10,"C2041","AS27000",0
2019,10,"C2041","AS27137",0
2019,10,"C2041","AS27138",0
2019,10,"C2041","AS27133",0
2019,11,"C2041","AS27132",0
2019,11,"C2041","AS27000",0
2019,11,"C2041","AS27137",0
2019,11,"C2041","AS27138",0
2019,11,"C2041","AS27133",0
2019,11,"C2008","AS46000",0
2019,11,"C2008","AS27132",0
2019,11,"C2008","AS27000",0
2019,11,"C2008","AS27137",0
2019,11,"C2008","AS27138",0
2019,11,"C2008","AS27133",0
2019,12,"C2008","AS46000",0
2019,12,"C2008","AS27132",0
2019,12,"C2008","AS27000",0
2019,12,"C2008","AS27137",0
2019,12,"C2008","AS27138",0
2019,12,"C2008","AS27133",0
2019,12,"C2041","AS27132",0
2019,12,"C2041","AS27000",0
2019,12,"C2041","AS27137",0
2019,12,"C2041","AS27138",0
2019,12,"C2041","AS27133",0
2019,10,"C1098","AS27134",0
2019,10,"C1098","AS27132",0
2019,10,"C1098","AS27000",0
2019,10,"C1098","AS27139",0
2019,10,"C1098","AS27137",0
2019,10,"C1098","AS27138",0
2019,10,"C1098","AS27133",0
2019,11,"C1098","AS27134",0
2019,11,"C1098","AS27132",0
2019,11,"C1098","AS27000",0
2019,11,"C1098","AS27139",0
2019,11,"C1098","AS27137",0
2019,11,"C1098","AS27138",0
2019,11,"C1098","AS27133",0
2019,12,"C1098","AS27134",0
2019,12,"C1098","AS27132",0
2019,12,"C1098","AS27000",0
2019,12,"C1098","AS27139",0
2019,12,"C1098","AS27137",0
2019,12,"C1098","AS27138",0
2019,12,"C1098","AS27133",0
2019,10,"C2063","AS27134",0
2019,10,"C2063","AS27132",0
2019,10,"C2063","AS27000",0
2019,10,"C2063","AS27137",0
2019,10,"C2063","AS27138",0
2019,10,"C2063","AS27133",0
2019,11,"C2063","AS27134",0
2019,11,"C2063","AS27132",0
2019,11,"C2063","AS27000",0
2019,11,"C2063","AS27137",0
2019,11,"C2063","AS27138",0
2019,11,"C2063","AS27133",0
2019,12,"C2063","AS27134",0
2019,12,"C2063","AS27132",0
2019,12,"C2063","AS27000",0
2019,12,"C2063","AS27137",0
2019,12,"C2063","AS27138",0
2019,12,"C2063","AS27133",0
2019,10,"C2015","AS21126",0
2019,10,"C2015","AS27134",0
2019,10,"C2015","AS27000",0
2019,10,"C2015","AS27139",0
2019,10,"C2015","AS27137",0
2019,10,"C2015","AS27138",0
2019,10,"C2015","AS27133",0
2019,10,"C2064","AS46000",0
2019,10,"C2064","AS27134",0
2019,10,"C2064","AS27132",0
2019,10,"C2064","AS27000",0
2019,10,"C2064","AS27139",0
2019,10,"C2064","AS27137",0
2019,10,"C2064","AS27138",0
2019,10,"C2064","AS27133",0
2019,10,"C1411","AS21126",0
2019,10,"C1411","AS42018",0
2019,10,"C1411","AS27134",0
2019,10,"C1411","AS27132",0
2019,10,"C1411","AS27000",0
2019,10,"C1411","AS27139",0
2019,10,"C1411","AS27137",0
2019,10,"C1411","AS27138",0
2019,10,"C1411","AS27133",0
2019,10,"C2050","AS27134",0
2019,10,"C2050","AS27132",0
2019,10,"C2050","AS27000",0
2019,10,"C2050","AS27137",0
2019,10,"C2050","AS27138",0
2019,10,"C2050","AS27133",0
2019,11,"C2050","AS27134",0
2019,11,"C2050","AS27132",0
2019,11,"C2050","AS27000",0
2019,11,"C2050","AS27137",0
2019,11,"C2050","AS27138",0
2019,11,"C2050","AS27133",0
2019,11,"C2064","AS46000",0
2019,11,"C2064","AS27134",0
2019,11,"C2064","AS27132",0
2019,11,"C2064","AS27000",0
2019,11,"C2064","AS27139",0
2019,11,"C2064","AS27137",0
2019,11,"C2064","AS27138",0
2019,11,"C2064","AS27133",0
2019,11,"C1411","AS42018",0
2019,11,"C1411","AS21126",0
2019,11,"C1411","AS27134",0
2019,11,"C1411","AS27132",0
2019,11,"C1411","AS27000",0
2019,11,"C1411","AS27139",0
2019,11,"C1411","AS27137",0
2019,11,"C1411","AS27138",0
2019,11,"C1411","AS27133",0
2019,11,"C2015","AS21126",0
2019,11,"C2015","AS27134",0
2019,11,"C2015","AS27000",0
2019,11,"C2015","AS27139",0
2019,11,"C2015","AS27137",0
2019,11,"C2015","AS27138",0
2019,11,"C2015","AS27133",0
2019,12,"C2050","AS27134",0
2019,12,"C2050","AS27132",0
2019,12,"C2050","AS27000",0
2019,12,"C2050","AS27137",0
2019,12,"C2050","AS27138",0
2019,12,"C2050","AS27133",0
2019,12,"C2015","AS21126",0
2019,12,"C2015","AS27134",0
2019,12,"C2015","AS27000",0
2019,12,"C2015","AS27139",0
2019,12,"C2015","AS27137",0
2019,12,"C2015","AS27138",0
2019,12,"C2015","AS27133",0
2019,12,"C2064","AS46000",0
2019,12,"C2064","AS27134",0
2019,12,"C2064","AS27132",0
2019,12,"C2064","AS27000",0
2019,12,"C2064","AS27139",0
2019,12,"C2064","AS27137",0
2019,12,"C2064","AS27138",0
2019,12,"C2064","AS27133",0
2019,12,"C1411","AS42018",0
2019,12,"C1411","AS21126",0
2019,12,"C1411","AS27134",0
2019,12,"C1411","AS27132",0
2019,12,"C1411","AS27000",0
2019,12,"C1411","AS27139",0
2019,12,"C1411","AS27137",0
2019,12,"C1411","AS27138",0
2019,12,"C1411","AS27133",0
2019,10,"C2066","AS21126",0
2019,10,"C2066","AS46000",0
2019,10,"C2066","AS27134",0
2019,10,"C2066","AS27000",0
2019,10,"C2066","AS27139",0
2019,10,"C2066","AS27137",0
2019,10,"C2066","AS27138",0
2019,10,"C2066","AS27133",0
2019,11,"C2066","AS21126",0
2019,11,"C2066","AS46000",0
2019,11,"C2066","AS27134",0
2019,11,"C2066","AS27000",0
2019,11,"C2066","AS27139",0
2019,11,"C2066","AS27137",0
2019,11,"C2066","AS27138",0
2019,11,"C2066","AS27133",0
2019,12,"C2066","AS21126",0
2019,12,"C2066","AS46000",0
2019,12,"C2066","AS27134",0
2019,12,"C2066","AS27000",0
2019,12,"C2066","AS27139",0
2019,12,"C2066","AS27137",0
2019,12,"C2066","AS27138",0
2019,12,"C2066","AS27133",0
2019,10,"C4021","AS21126",0
2019,10,"C4021","AS42018",0
2019,10,"C4021","AS46000",0
2019,10,"C4021","AS17005",0
2019,10,"C4021","AS27134",0
2019,10,"C4021","AS27132",0
2019,10,"C4021","AS27000",0
2019,10,"C4021","AS27139",0
2019,10,"C4021","AS27137",0
2019,10,"C4021","AS27138",0
2019,10,"C4021","AS27133",0
2019,10,"C4020","AS27134",0
2019,10,"C4020","AS27132",0
2019,10,"C4020","AS27000",0
2019,10,"C4020","AS27138",0
2019,10,"C4020","AS27133",0
2019,10,"C2168","AS42018",0
2019,10,"C2168","AS21126",0
2019,10,"C2168","AS46000",0
2019,10,"C2168","AS17005",0
2019,10,"C2168","AS27134",0
2019,10,"C2168","AS27132",0
2019,10,"C2168","AS27000",0
2019,10,"C2168","AS27139",0
2019,10,"C2168","AS27137",0
2019,10,"C2168","AS27138",0
2019,10,"C2168","AS27133",0
2019,10,"C4026","AS46000",0
2019,10,"C4026","AS27134",0
2019,10,"C4026","AS27132",0
2019,10,"C4026","AS27000",0
2019,10,"C4026","AS27137",0
2019,10,"C4026","AS27138",0
2019,10,"C4026","AS27133",0
2019,11,"C4021","AS42018",0
2019,11,"C4021","AS21126",0
2019,11,"C4021","AS46000",0
2019,11,"C4021","AS17005",0
2019,11,"C4021","AS27134",0
2019,11,"C4021","AS27132",0
2019,11,"C4021","AS27000",0
2019,11,"C4021","AS27139",0
2019,11,"C4021","AS27137",0
2019,11,"C4021","AS27138",0
2019,11,"C4021","AS27133",0
2019,11,"C2168","AS42018",0
2019,11,"C2168","AS21126",0
2019,11,"C2168","AS46000",0
2019,11,"C2168","AS17005",0
2019,11,"C2168","AS27134",0
2019,11,"C2168","AS27132",0
2019,11,"C2168","AS27000",0
2019,11,"C2168","AS27139",0
2019,11,"C2168","AS27137",0
2019,11,"C2168","AS27138",0
2019,11,"C2168","AS27133",0
2019,11,"C4020","AS27134",0
2019,11,"C4020","AS27132",0
2019,11,"C4020","AS27000",0
2019,11,"C4020","AS27138",0
2019,11,"C4020","AS27133",0
2019,11,"C4026","AS46000",0
2019,11,"C4026","AS27134",0
2019,11,"C4026","AS27132",0
2019,11,"C4026","AS27000",0
2019,11,"C4026","AS27137",0
2019,11,"C4026","AS27138",0
2019,11,"C4026","AS27133",0
2019,12,"C4021","AS21126",0
2019,12,"C4021","AS42018",0
2019,12,"C4021","AS46000",0
2019,12,"C4021","AS17005",0
2019,12,"C4021","AS27134",0
2019,12,"C4021","AS27132",0
2019,12,"C4021","AS27000",0
2019,12,"C4021","AS27139",0
2019,12,"C4021","AS27137",0
2019,12,"C4021","AS27138",0
2019,12,"C4021","AS27133",0
2019,12,"C2168","AS21126",0
2019,12,"C2168","AS42018",0
2019,12,"C2168","AS46000",0
2019,12,"C2168","AS17005",0
2019,12,"C2168","AS27134",0
2019,12,"C2168","AS27132",0
2019,12,"C2168","AS27000",0
2019,12,"C2168","AS27139",0
2019,12,"C2168","AS27137",0
2019,12,"C2168","AS27138",0
2019,12,"C2168","AS27133",0
2019,12,"C4020","AS27134",0
2019,12,"C4020","AS27132",0
2019,12,"C4020","AS27000",0
2019,12,"C4020","AS27138",0
2019,12,"C4020","AS27133",0
2019,12,"C4026","AS46000",0
2019,12,"C4026","AS27134",0
2019,12,"C4026","AS27132",0
2019,12,"C4026","AS27000",0
2019,12,"C4026","AS27137",0
2019,12,"C4026","AS27138",0
2019,12,"C4026","AS27133",0
2019,10,"C3023","AS42018",0
2019,10,"C3023","AS46000",0
2019,10,"C3023","AS27134",0
2019,10,"C3023","AS27132",0
2019,10,"C3023","AS27000",0
2019,10,"C3023","AS27137",0
2019,10,"C3023","AS27138",0
2019,10,"C3023","AS27133",0
2019,11,"C3023","AS42018",0
2019,11,"C3023","AS46000",0
2019,11,"C3023","AS27134",0
2019,11,"C3023","AS27132",0
2019,11,"C3023","AS27000",0
2019,11,"C3023","AS27137",0
2019,11,"C3023","AS27138",0
2019,11,"C3023","AS27133",0
2019,12,"C3023","AS42018",0
2019,12,"C3023","AS46000",0
2019,12,"C3023","AS27134",0
2019,12,"C3023","AS27132",0
2019,12,"C3023","AS27000",0
2019,12,"C3023","AS27137",0
2019,12,"C3023","AS27138",0
2019,12,"C3023","AS27133",0
2019,10,"C1701","AS21126",0
2019,10,"C1701","AS27139",0
2019,10,"C1701","AS27138",0
2019,10,"C1701","AS27133",0
2019,10,"C1009","AS27132",0
2019,10,"C1009","AS27000",0
2019,10,"C1009","AS27137",0
2019,10,"C1009","AS27138",0
2019,10,"C1009","AS27133",0
2019,10,"C1112","AS21126",0
2019,10,"C1112","AS42018",0
2019,10,"C1112","AS46000",0
2019,10,"C1112","AS17005",0
2019,10,"C1112","AS27134",0
2019,10,"C1112","AS27132",0
2019,10,"C1112","AS27000",0
2019,10,"C1112","AS27139",0
2019,10,"C1112","AS27137",0
2019,10,"C1112","AS27138",0
2019,10,"C1112","AS27133",0
2019,10,"C2065","AS21126",0
2019,10,"C2065","AS46000",0
2019,10,"C2065","AS17005",0
2019,10,"C2065","AS27134",0
2019,10,"C2065","AS27132",0
2019,10,"C2065","AS27000",0
2019,10,"C2065","AS27139",0
2019,10,"C2065","AS27137",0
2019,10,"C2065","AS27138",0
2019,10,"C2065","AS27133",0
2019,11,"C1701","AS21126",0
2019,11,"C1701","AS27139",0
2019,11,"C1701","AS27138",0
2019,11,"C1701","AS27133",0
2019,11,"C1112","AS42018",0
2019,11,"C1112","AS21126",0
2019,11,"C1112","AS46000",0
2019,11,"C1112","AS17005",0
2019,11,"C1112","AS27134",0
2019,11,"C1112","AS27132",0
2019,11,"C1112","AS27000",0
2019,11,"C1112","AS27139",0
2019,11,"C1112","AS27137",0
2019,11,"C1112","AS27138",0
2019,11,"C1112","AS27133",0
2019,11,"C2065","AS21126",0
2019,11,"C2065","AS46000",0
2019,11,"C2065","AS27134",0
2019,11,"C2065","AS27132",0
2019,11,"C2065","AS27000",0
2019,11,"C2065","AS27139",0
2019,11,"C2065","AS27137",0
2019,11,"C2065","AS27138",0
2019,11,"C2065","AS27133",0
2019,11,"C1009","AS27132",0
2019,11,"C1009","AS27000",0
2019,11,"C1009","AS27137",0
2019,11,"C1009","AS27138",0
2019,11,"C1009","AS27133",0
2019,12,"C1701","AS21126",0
2019,12,"C1701","AS27139",0
2019,12,"C1701","AS27138",0
2019,12,"C1701","AS27133",0
2019,12,"C1009","AS27132",0
2019,12,"C1009","AS27000",0
2019,12,"C1009","AS27137",0
2019,12,"C1009","AS27138",0
2019,12,"C1009","AS27133",0
2019,12,"C1112","AS42018",0
2019,12,"C1112","AS21126",0
2019,12,"C1112","AS46000",0
2019,12,"C1112","AS17005",0
2019,12,"C1112","AS27134",0
2019,12,"C1112","AS27132",0
2019,12,"C1112","AS27000",0
2019,12,"C1112","AS27139",0
2019,12,"C1112","AS27137",0
2019,12,"C1112","AS27138",0
2019,12,"C1112","AS27133",0
2019,12,"C2065","AS21126",0
2019,12,"C2065","AS46000",0
2019,12,"C2065","AS27134",0
2019,12,"C2065","AS27132",0
2019,12,"C2065","AS27000",0
2019,12,"C2065","AS27139",0
2019,12,"C2065","AS27137",0
2019,12,"C2065","AS27138",0
2019,12,"C2065","AS27133",0
2019,10,"C2068","AS27134",0
2019,10,"C2068","AS27000",0
2019,10,"C2068","AS27139",0
2019,10,"C2068","AS27137",0
2019,10,"C2068","AS27138",0
2019,10,"C2068","AS27133",0
2019,11,"C2068","AS27134",0
2019,11,"C2068","AS27000",0
2019,11,"C2068","AS27137",0
2019,11,"C2068","AS27138",0
2019,11,"C2068","AS27133",0
2019,12,"C2068","AS27134",0
2019,12,"C2068","AS27000",0
2019,12,"C2068","AS27137",0
2019,12,"C2068","AS27138",0
2019,12,"C2068","AS27133",0
2019,10,"C5004","AS42018",0
2019,10,"C5004","AS21126",0
2019,10,"C5004","AS46000",0
2019,10,"C5004","AS27132",0
2019,10,"C5004","AS27000",0
2019,10,"C5004","AS27139",0
2019,10,"C5004","AS27137",0
2019,10,"C5004","AS27138",0
2019,10,"C5004","AS27133",0
2019,11,"C5004","AS21126",0
2019,11,"C5004","AS42018",0
2019,11,"C5004","AS46000",0
2019,11,"C5004","AS27132",0
2019,11,"C5004","AS27000",0
2019,11,"C5004","AS27139",0
2019,11,"C5004","AS27137",0
2019,11,"C5004","AS27138",0
2019,11,"C5004","AS27133",0
2019,12,"C5004","AS42018",0
2019,12,"C5004","AS21126",0
2019,12,"C5004","AS46000",0
2019,12,"C5004","AS27132",0
2019,12,"C5004","AS27000",0
2019,12,"C5004","AS27139",0
2019,12,"C5004","AS27137",0
2019,12,"C5004","AS27138",0
2019,12,"C5004","AS27133",0
2019,10,"C5021","AS27134",0
2019,10,"C5021","AS27000",0
2019,10,"C5021","AS27137",0
2019,10,"C5021","AS27138",0
2019,10,"C5021","AS27133",0
2019,11,"C5021","AS27134",0
2019,11,"C5021","AS27000",0
2019,11,"C5021","AS27137",0
2019,11,"C5021","AS27138",0
2019,11,"C5021","AS27133",0
2019,12,"C5021","AS27134",0
2019,12,"C5021","AS27000",0
2019,12,"C5021","AS27137",0
2019,12,"C5021","AS27138",0
2019,12,"C5021","AS27133",0
2019,10,"C2069","AS27134",0
2019,10,"C2069","AS27132",0
2019,10,"C2069","AS27000",0
2019,10,"C2069","AS27139",0
2019,10,"C2069","AS27137",0
2019,10,"C2069","AS27138",0
2019,10,"C2069","AS27133",0
2019,10,"C2052","AS27134",0
2019,10,"C2052","AS27132",0
2019,10,"C2052","AS27000",0
2019,10,"C2052","AS27133",0
2019,10,"C2057","AS27134",0
2019,10,"C2057","AS27132",0
2019,10,"C2057","AS27000",0
2019,10,"C2057","AS27138",0
2019,10,"C2057","AS27133",0
2019,11,"C2069","AS27134",0
2019,11,"C2069","AS27132",0
2019,11,"C2069","AS27000",0
2019,11,"C2069","AS27139",0
2019,11,"C2069","AS27137",0
2019,11,"C2069","AS27138",0
2019,11,"C2069","AS27133",0
2019,11,"C2052","AS27134",0
2019,11,"C2052","AS27132",0
2019,11,"C2052","AS27000",0
2019,11,"C2052","AS27133",0
2019,11,"C2057","AS27134",0
2019,11,"C2057","AS27132",0
2019,11,"C2057","AS27000",0
2019,11,"C2057","AS27138",0
2019,11,"C2057","AS27133",0
2019,12,"C2052","AS27134",0
2019,12,"C2052","AS27132",0
2019,12,"C2052","AS27000",0
2019,12,"C2052","AS27133",0
2019,12,"C2057","AS27134",0
2019,12,"C2057","AS27132",0
2019,12,"C2057","AS27000",0
2019,12,"C2057","AS27138",0
2019,12,"C2057","AS27133",0
2019,12,"C2069","AS27134",0
2019,12,"C2069","AS27132",0
2019,12,"C2069","AS27000",0
2019,12,"C2069","AS27139",0
2019,12,"C2069","AS27137",0
2019,12,"C2069","AS27138",0
2019,12,"C2069","AS27133",0
2019,10,"C1061","AS42018",0
2019,10,"C1061","AS21126",0
2019,10,"C1061","AS27134",0
2019,10,"C1061","AS27132",0
2019,10,"C1061","AS27000",0
2019,10,"C1061","AS27137",0
2019,10,"C1061","AS27138",0
2019,10,"C1061","AS27133",0
2019,10,"C1072","AS21126",0
2019,10,"C1072","AS27134",0
2019,10,"C1072","AS27132",0
2019,10,"C1072","AS27000",0
2019,10,"C1072","AS27139",0
2019,10,"C1072","AS27137",0
2019,10,"C1072","AS27138",0
2019,10,"C1072","AS27133",0
2019,11,"C1061","AS21126",0
2019,11,"C1061","AS42018",0
2019,11,"C1061","AS27134",0
2019,11,"C1061","AS27132",0
2019,11,"C1061","AS27000",0
2019,11,"C1061","AS27137",0
2019,11,"C1061","AS27138",0
2019,11,"C1061","AS27133",0
2019,11,"C1072","AS21126",0
2019,11,"C1072","AS27134",0
2019,11,"C1072","AS27132",0
2019,11,"C1072","AS27000",0
2019,11,"C1072","AS27139",0
2019,11,"C1072","AS27137",0
2019,11,"C1072","AS27138",0
2019,11,"C1072","AS27133",0
2019,12,"C1061","AS42018",0
2019,12,"C1061","AS21126",0
2019,12,"C1061","AS27134",0
2019,12,"C1061","AS27132",0
2019,12,"C1061","AS27000",0
2019,12,"C1061","AS27137",0
2019,12,"C1061","AS27138",0
2019,12,"C1061","AS27133",0
2019,12,"C1072","AS21126",0
2019,12,"C1072","AS27134",0
2019,12,"C1072","AS27132",0
2019,12,"C1072","AS27000",0
2019,12,"C1072","AS27139",0
2019,12,"C1072","AS27137",0
2019,12,"C1072","AS27138",0
2019,12,"C1072","AS27133",0
2019,10,"C2070","AS46000",0
2019,10,"C2070","AS27134",0
2019,10,"C2070","AS27132",0
2019,10,"C2070","AS27000",0
2019,10,"C2070","AS27137",0
2019,10,"C2070","AS27138",0
2019,10,"C2070","AS27133",0
2019,11,"C2070","AS46000",0
2019,11,"C2070","AS27134",0
2019,11,"C2070","AS27132",0
2019,11,"C2070","AS27000",0
2019,11,"C2070","AS27137",0
2019,11,"C2070","AS27138",0
2019,11,"C2070","AS27133",0
2019,12,"C2070","AS46000",0
2019,12,"C2070","AS27134",0
2019,12,"C2070","AS27132",0
2019,12,"C2070","AS27000",0
2019,12,"C2070","AS27137",0
2019,12,"C2070","AS27138",0
2019,12,"C2070","AS27133",0
2019,10,"C2009","AS17005",0
2019,10,"C2009","AS27132",0
2019,10,"C2009","AS27000",0
2019,10,"C2009","AS27138",0
2019,10,"C2009","AS27133",0
2019,11,"C2009","AS17005",0
2019,11,"C2009","AS27132",0
2019,11,"C2009","AS27000",0
2019,11,"C2009","AS27138",0
2019,11,"C2009","AS27133",0
2019,12,"C2009","AS17005",0
2019,12,"C2009","AS27132",0
2019,12,"C2009","AS27000",0
2019,12,"C2009","AS27138",0
2019,12,"C2009","AS27133",0
2019,10,"C1073","AS21126",0
2019,10,"C1073","AS27134",0
2019,10,"C1073","AS27132",0
2019,10,"C1073","AS27000",0
2019,10,"C1073","AS27137",0
2019,10,"C1073","AS27138",0
2019,10,"C1073","AS27133",0
2019,10,"C1017","AS42018",0
2019,10,"C1017","AS21126",0
2019,10,"C1017","AS27134",0
2019,10,"C1017","AS27132",0
2019,10,"C1017","AS27000",0
2019,10,"C1017","AS27137",0
2019,10,"C1017","AS27138",0
2019,10,"C1017","AS27133",0
2019,10,"C1078","AS21126",0
2019,10,"C1078","AS42018",0
2019,10,"C1078","AS27134",0
2019,10,"C1078","AS27132",0
2019,10,"C1078","AS27000",0
2019,10,"C1078","AS27137",0
2019,10,"C1078","AS27138",0
2019,10,"C1078","AS27133",0
2019,10,"C1070","AS21126",0
2019,10,"C1070","AS27134",0
2019,10,"C1070","AS27132",0
2019,10,"C1070","AS27000",0
2019,11,"C1017","AS21126",0
2019,11,"C1017","AS42018",0
2019,11,"C1017","AS27134",0
2019,11,"C1017","AS27132",0
2019,11,"C1017","AS27000",0
2019,11,"C1017","AS27137",0
2019,11,"C1017","AS27138",0
2019,11,"C1017","AS27133",0
2019,11,"C1073","AS21126",0
2019,11,"C1073","AS27134",0
2019,11,"C1073","AS27132",0
2019,11,"C1073","AS27000",0
2019,11,"C1073","AS27137",0
2019,11,"C1073","AS27138",0
2019,11,"C1073","AS27133",0
2019,11,"C1070","AS21126",0
2019,11,"C1070","AS27134",0
2019,11,"C1070","AS27132",0
2019,11,"C1070","AS27000",0
2019,11,"C1078","AS42018",0
2019,11,"C1078","AS21126",0
2019,11,"C1078","AS27134",0
2019,11,"C1078","AS27132",0
2019,11,"C1078","AS27000",0
2019,11,"C1078","AS27137",0
2019,11,"C1078","AS27138",0
2019,11,"C1078","AS27133",0
2019,12,"C1078","AS42018",0
2019,12,"C1078","AS21126",0
2019,12,"C1078","AS27134",0
2019,12,"C1078","AS27132",0
2019,12,"C1078","AS27000",0
2019,12,"C1078","AS27137",0
2019,12,"C1078","AS27138",0
2019,12,"C1078","AS27133",0
2019,12,"C1070","AS21126",0
2019,12,"C1070","AS27134",0
2019,12,"C1070","AS27132",0
2019,12,"C1070","AS27000",0
2019,12,"C1073","AS21126",0
2019,12,"C1073","AS27134",0
2019,12,"C1073","AS27132",0
2019,12,"C1073","AS27000",0
2019,12,"C1073","AS27137",0
2019,12,"C1073","AS27138",0
2019,12,"C1073","AS27133",0
2019,12,"C1017","AS21126",0
2019,12,"C1017","AS42018",0
2019,12,"C1017","AS27134",0
2019,12,"C1017","AS27132",0
2019,12,"C1017","AS27000",0
2019,12,"C1017","AS27137",0
2019,12,"C1017","AS27138",0
2019,12,"C1017","AS27133",0
2019,10,"C1077","AS21126",0
2019,10,"C1077","AS27134",0
2019,10,"C1077","AS27132",0
2019,10,"C1077","AS27000",0
2019,10,"C1077","AS27137",0
2019,10,"C1077","AS27138",0
2019,10,"C1077","AS27133",0
2019,10,"C1067","AS27134",0
2019,10,"C1067","AS27000",0
2019,10,"C1067","AS27137",0
2019,10,"C1067","AS27133",0
2019,10,"C1099","AS21126",0
2019,10,"C1099","AS42018",0
2019,10,"C1099","AS17005",0
2019,10,"C1099","AS27134",0
2019,10,"C1099","AS27000",0
2019,10,"C1099","AS27137",0
2019,10,"C1099","AS27138",0
2019,10,"C1099","AS27133",0
2019,10,"C1007","AS21126",0
2019,10,"C1007","AS42018",0
2019,10,"C1007","AS46000",0
2019,10,"C1007","AS17005",0
2019,10,"C1007","AS27134",0
2019,10,"C1007","AS27132",0
2019,10,"C1007","AS27000",0
2019,10,"C1007","AS27139",0
2019,10,"C1007","AS27137",0
2019,10,"C1007","AS27138",0
2019,10,"C1007","AS27133",0
2019,10,"C1074","AS27134",0
2019,10,"C1074","AS27132",0
2019,10,"C1074","AS27000",0
2019,10,"C1074","AS27137",0
2019,10,"C1074","AS27138",0
2019,10,"C1074","AS27133",0
2019,10,"C1028","AS21126",0
2019,10,"C1028","AS17005",0
2019,10,"C1028","AS27134",0
2019,10,"C1028","AS27132",0
2019,10,"C1028","AS27000",0
2019,10,"C1028","AS27137",0
2019,10,"C1028","AS27138",0
2019,10,"C1028","AS27133",0
2019,11,"C1099","AS42018",0
2019,11,"C1099","AS21126",0
2019,11,"C1099","AS17005",0
2019,11,"C1099","AS27137",0
2019,11,"C1099","AS27138",0
2019,11,"C1007","AS42018",0
2019,11,"C1007","AS27134",0
2019,11,"C1007","AS27132",0
2019,11,"C1007","AS27000",0
2019,11,"C1007","AS27139",0
2019,11,"C1007","AS27137",0
2019,11,"C1007","AS27138",0
2019,11,"C1007","AS27133",0
2019,11,"C1077","AS21126",0
2019,11,"C1077","AS27134",0
2019,11,"C1077","AS27132",0
2019,11,"C1077","AS27000",0
2019,11,"C1077","AS27137",0
2019,11,"C1077","AS27138",0
2019,11,"C1077","AS27133",0
2019,11,"C1028","AS21126",0
2019,11,"C1028","AS17005",0
2019,11,"C1028","AS27134",0
2019,11,"C1028","AS27132",0
2019,11,"C1028","AS27000",0
2019,11,"C1028","AS27137",0
2019,11,"C1028","AS27138",0
2019,11,"C1028","AS27133",0
2019,11,"C1067","AS27134",0
2019,11,"C1067","AS27000",0
2019,11,"C1067","AS27137",0
2019,11,"C1067","AS27133",0
2019,11,"C1074","AS27134",0
2019,11,"C1074","AS27132",0
2019,11,"C1074","AS27000",0
2019,11,"C1074","AS27137",0
2019,11,"C1074","AS27138",0
2019,11,"C1074","AS27133",0
2019,12,"C1099","AS42018",0
2019,12,"C1099","AS21126",0
2019,12,"C1099","AS17005",0
2019,12,"C1099","AS27137",0
2019,12,"C1099","AS27138",0
2019,12,"C1028","AS21126",0
2019,12,"C1028","AS17005",0
2019,12,"C1028","AS27134",0
2019,12,"C1028","AS27132",0
2019,12,"C1028","AS27000",0
2019,12,"C1028","AS27137",0
2019,12,"C1028","AS27138",0
2019,12,"C1028","AS27133",0
2019,12,"C1074","AS27134",0
2019,12,"C1074","AS27132",0
2019,12,"C1074","AS27000",0
2019,12,"C1074","AS27137",0
2019,12,"C1074","AS27138",0
2019,12,"C1074","AS27133",0
2019,12,"C1077","AS21126",0
2019,12,"C1077","AS27134",0
2019,12,"C1077","AS27132",0
2019,12,"C1077","AS27000",0
2019,12,"C1077","AS27137",0
2019,12,"C1077","AS27138",0
2019,12,"C1077","AS27133",0
2019,12,"C1067","AS27134",0
2019,12,"C1067","AS27000",0
2019,12,"C1067","AS27137",0
2019,12,"C1067","AS27133",0
2019,10,"C5006","AS27134",0
2019,10,"C5006","AS27132",0
2019,10,"C5006","AS27000",0
2019,10,"C5006","AS27139",0
2019,10,"C5006","AS27137",0
2019,10,"C5006","AS27138",0
2019,10,"C5006","AS27133",0
2019,11,"C5006","AS27134",0
2019,11,"C5006","AS27132",0
2019,11,"C5006","AS27000",0
2019,11,"C5006","AS27139",0
2019,11,"C5006","AS27137",0
2019,11,"C5006","AS27138",0
2019,11,"C5006","AS27133",0
2019,12,"C5006","AS27134",0
2019,12,"C5006","AS27132",0
2019,12,"C5006","AS27000",0
2019,12,"C5006","AS27139",0
2019,12,"C5006","AS27137",0
2019,12,"C5006","AS27138",0
2019,12,"C5006","AS27133",0
2019,10,"C2071","AS46000",0
2019,10,"C2071","AS27134",0
2019,10,"C2071","AS27132",0
2019,10,"C2071","AS27000",0
2019,10,"C2071","AS27139",0
2019,10,"C2071","AS27137",0
2019,10,"C2071","AS27138",0
2019,10,"C2071","AS27133",0
2019,11,"C2071","AS46000",0
2019,11,"C2071","AS27134",0
2019,11,"C2071","AS27132",0
2019,11,"C2071","AS27000",0
2019,11,"C2071","AS27139",0
2019,11,"C2071","AS27137",0
2019,11,"C2071","AS27138",0
2019,11,"C2071","AS27133",0
2019,12,"C2071","AS46000",0
2019,12,"C2071","AS27134",0
2019,12,"C2071","AS27132",0
2019,12,"C2071","AS27000",0
2019,12,"C2071","AS27139",0
2019,12,"C2071","AS27137",0
2019,12,"C2071","AS27138",0
2019,12,"C2071","AS27133",0
2019,10,"C2055","AS27132",0
2019,10,"C2055","AS27000",0
2019,10,"C2055","AS27139",0
2019,10,"C2055","AS27137",0
2019,10,"C2055","AS27138",0
2019,10,"C2055","AS27133",0
2019,11,"C2055","AS27132",0
2019,11,"C2055","AS27000",0
2019,11,"C2055","AS27139",0
2019,11,"C2055","AS27137",0
2019,11,"C2055","AS27138",0
2019,11,"C2055","AS27133",0
2019,12,"C2055","AS27132",0
2019,12,"C2055","AS27000",0
2019,12,"C2055","AS27139",0
2019,12,"C2055","AS27137",0
2019,12,"C2055","AS27138",0
2019,12,"C2055","AS27133",0
2019,10,"C5076","AS27132",0
2019,10,"C5076","AS27000",0
2019,10,"C5076","AS27139",0
2019,10,"C5076","AS27137",0
2019,10,"C5076","AS27138",0
2019,10,"C5076","AS27133",0
2019,11,"C5076","AS27132",0
2019,11,"C5076","AS27000",0
2019,11,"C5076","AS27139",0
2019,11,"C5076","AS27137",0
2019,11,"C5076","AS27138",0
2019,11,"C5076","AS27133",0
2019,12,"C5076","AS46000",0
2019,12,"C5076","AS27132",0
2019,12,"C5076","AS27000",0
2019,12,"C5076","AS27139",0
2019,12,"C5076","AS27137",0
2019,12,"C5076","AS27138",0
2019,12,"C5076","AS27133",0
